Date,Close,High,Low,Open,Volume,RSI
2022-01-03,178.6456756591797,179.4996045429641,174.42516992990628,174.54294702694892,104487900,
2022-01-04,176.37835693359375,179.55847298837972,175.80907606705392,179.25420553725706,99310400,
2022-01-05,171.6866912841797,176.83964771384632,171.4118681394032,176.2900014242933,94537600,
2022-01-06,168.8206787109375,172.05968310015797,168.46733250526367,169.50773661732023,96904000,
2022-01-07,168.98753356933594,170.9211204367095,167.86860642072668,169.69422597653536,86709100,
2022-01-10,169.00717163085938,169.31143906710747,165.06147477041716,165.95465755063788,106765600,
2022-01-11,171.84375,171.9418925722171,167.66249900972133,169.13477238363146,76138300,
2022-01-12,172.28546142578125,173.9049564510331,171.58859361801524,172.8645521340357,74805200,
2022-01-13,169.00717163085938,173.35527850038557,168.61455640929785,172.53080900021536,84505800,
2022-01-14,169.87091064453125,170.56777832766494,167.92749898971087,168.17287788763613,80440800,
2022-01-18,166.66134643554688,169.35068950665382,166.27855596311068,168.33972966979056,90956700,
2022-01-19,163.15733337402344,167.91769000661554,162.87270044087128,166.85765136543813,94815000,
2022-01-20,161.46913146972656,166.54356549753263,161.14522951347425,163.8934762825247,91420500,
2022-01-21,159.407958984375,163.25549850314817,159.29999166470387,161.38080003283116,122848900,
2022-01-24,158.63253784179688,159.29997620135896,151.84045205683918,157.06212195335075,162294600,15.097643391527825
2022-01-25,156.82656860351562,159.75148103294072,154.11759081418975,156.04135309194953,115798400,15.344562161179724
2022-01-26,156.73822021484375,161.35134029387297,154.90279093312674,160.47779205545413,108275300,18.33690904589561
2022-01-27,156.27691650390625,160.81151382611307,155.35428943492713,159.44720772831658,121954600,20.416779423873052
2022-01-28,167.18153381347656,167.20116831659928,159.79072343360525,162.64693708008207,179935700,47.17269767801842
2022-01-31,171.54931640625,171.76525106286834,166.37672436646918,167.0147185707475,115541600,53.5028590219193
2022-02-01,171.38243103027344,171.60817541361024,169.12494226668923,170.79351570873365,86213900,49.313860992907806
2022-02-02,172.5896759033203,172.62894490892336,170.12607747590963,171.5198276400682,84914300,50.44239657923175
2022-02-03,169.7040252685547,172.9822984461671,168.93844437078735,171.25482156772748,89418100,51.02508885270584
2022-02-04,169.41900634765625,171.09954256980902,167.73847012550348,168.72123598748786,82465400,49.323723212442616
2022-02-07,168.70164489746094,170.9521728360201,168.00387431629863,169.88096130618518,77251200,53.29942600010758
2022-02-08,171.81703186035156,172.3280745287334,168.47561748502244,168.7704503704667,74829200,64.182107696875
2022-02-09,173.24203491210938,173.60565362922407,171.88581267621973,173.01600287140212,71285000,69.4483080920493
2022-02-10,169.15371704101562,172.4558121410886,168.59354809326686,171.13890900487118,90865900,65.08897015743418
2022-02-11,165.7336883544922,170.09717260247885,165.14402264688573,169.3600979658817,98670700,60.16223555600005
2022-02-14,165.96954345703125,166.65747672658372,163.68951891129095,164.48555705147456,86185500,63.69988357726016
2022-02-15,169.8121337890625,169.969379951066,167.3159146994891,168.02350743268553,62527400,67.60889080338822
2022-02-16,169.5762939453125,170.35267256794222,167.11937868964532,168.8883606728898,61177400,68.02201710419665
2022-02-17,165.96954345703125,168.94732353481027,165.56660575778602,168.0824845697611,69589300,47.95269936237239
2022-02-18,164.416748046875,167.6009001587836,163.32587723184227,166.89332246399607,82772700,36.68538263288981
2022-02-22,161.48809814453125,163.81724850375244,159.35548296820957,162.13671223471536,91162800,33.25633314896669
2022-02-23,157.31138610839844,163.2865911526906,156.99689373984543,162.68710319648025,90009200,26.50647640553626
2022-02-24,159.9353485107422,160.04345337346268,149.3804359903009,149.9504420850254,141147500,34.856770882612295
2022-02-25,162.009033203125,162.27436931147176,158.09761246815737,161.016429626563,91974200,39.11672504009344
2022-02-28,162.27435302734375,162.56918589174444,159.63070950306087,160.24985701872006,95056600,40.432985541558985
2022-03-01,160.38743591308594,163.72884988791748,159.1786377230553,161.86158516779412,83474400,32.341256369925276
2022-03-02,163.6894989013672,164.47571468295504,160.14171312084568,161.55689852854007,79724800,36.05041001925649
2022-03-03,163.36521911621094,165.99904029600498,162.6969453068408,165.56662077426103,76678400,40.50301441139493
2022-03-04,160.3579559326172,162.69694424174432,159.30640391691654,161.6552144893565,83737200,41.05912735231359
2022-03-07,156.5546417236328,162.17606497919274,156.29911294194886,160.54466966467405,96418800,36.00228676692445
2022-03-08,154.72665405273438,160.07290254578018,153.11491869784408,156.08287569134544,131148300,26.142302249661682
2022-03-09,160.14173889160156,160.59381791240634,156.66275336768058,158.69707147174915,91454900,37.17949409115018
2022-03-10,155.7880859375,157.62585374072557,153.2918516527838,157.43912578291366,105342000,36.43979755577703
2022-03-11,152.0634002685547,156.5349891936971,151.83736825574178,156.19101504721644,96970100,34.44694657676409
2022-03-14,148.02423095703125,151.46391244119621,147.51320336208943,148.83992865134607,108732100,33.50990189306613
2022-03-15,152.41717529296875,152.88891376980982,147.78835583208624,148.29938335493543,92964300,44.03731532235607
2022-03-16,156.83963012695312,157.24256780595263,151.79805049383225,154.34341096119434,102300200,46.386783900893505
2022-03-17,157.8518524169922,158.22530825376825,154.91339200388822,155.87649837703879,75615400,45.02460078285677
2022-03-18,161.1539764404297,161.6453594768953,157.00670241299437,157.74377696769278,123511700,48.749974888838416
2022-03-21,162.5298614501953,163.48314576119236,160.20069560988745,160.6920786569655,95811400,52.41791661643906
2022-03-22,165.91058349609375,166.50023417031582,162.06796436975657,162.6576150439786,81532000,52.5022476410513
2022-03-23,167.27659606933594,169.66471008875092,164.76070268413946,165.09485449821165,98062700,54.30545309915495
2022-03-24,171.0701141357422,171.13889996970468,167.27663612578863,168.11197837145693,90131400,61.590791717353426
2022-03-25,171.7088623046875,172.2592088191548,169.7728122475536,170.88334253298657,80546200,67.60267861415642
2022-03-28,172.57374572753906,172.70149513268552,169.03578151152723,169.20284996119702,90371900,71.20508301083473
2022-03-29,175.87583923339844,175.92496554492044,173.3009816876461,173.6449558432296,100589400,69.68282243064866
2022-03-30,174.7063751220703,176.5146615748178,173.65480794833152,175.4729316617312,92633200,75.71472956195554
2022-03-31,171.6007843017578,174.96184246595325,171.39439682863326,174.77511451308345,103049300,77.01083131800164
2022-04-01,171.30593872070312,171.86612253758457,168.97678810398756,171.03076544091473,78751300,85.904725956995
2022-04-04,175.3647918701172,175.4139331761271,171.43372732246453,171.56149171892602,76468400,85.75796728393095
2022-04-05,172.0430145263672,175.22718178273516,171.41404488266946,174.44096597915822,73401800,74.53208105194788
2022-04-06,168.8686981201172,170.6376800716011,167.19799877542366,169.3895629453013,89058800,66.61724455704686
2022-04-07,169.17335510253906,170.37233093887772,166.9228273416991,168.21024852764788,77594700,63.298532388663965
2022-04-08,167.15867614746094,168.8195531941642,166.28401495074868,168.8195531941642,76575500,57.516710739673236
2022-04-11,162.8934783935547,166.11694994882637,162.6477868725991,165.80247259982983,72246700,45.23734854845944
2022-04-12,164.7705535888672,166.94245808323757,163.7681280552551,165.12434995391737,79265200,46.10690070079391
2022-04-13,167.46331787109375,168.0922875017565,163.89588754215904,164.5051976542895,70618900,44.19848388681822
2022-04-14,162.44142150878906,168.31837428702366,162.1957299543893,167.67956724809082,75329400,36.93552460230154
2022-04-18,162.22518920898438,163.7288199744053,160.75104022360551,161.09499932270256,69023900,35.139686764738755
2022-04-19,164.51504516601562,164.92782013945308,161.08520094874402,162.17607195952326,67723800,33.19767339520101
2022-04-20,164.3479461669922,165.96951898738345,163.23743083695035,165.8515768758342,67929800,34.212041687559136
2022-04-21,163.5519256591797,168.57386081804293,163.05072036783037,165.9990185433864,87227800,36.80310306834296
2022-04-22,159.001708984375,164.97692823082195,158.71671343457257,163.59123952892807,84882400,32.29639881655453
2022-04-25,160.0729217529297,160.35791727852174,155.7290980800687,158.34324409421413,96046400,25.928171328100234
2022-04-26,154.0977325439453,159.54225031873102,154.0191094538627,159.453804965821,95623200,23.9291797789772
2022-04-27,153.87168884277344,157.0361817522216,152.70219483485,153.22305964573388,88063200,26.17112189520806
2022-04-28,160.81983947753906,161.68467841985887,156.19100467866673,156.50549701980856,130216800,39.04072732979832
2022-04-29,154.93307495117188,163.33572839193604,154.53997449609216,159.05086744995398,131747600,35.440068763867714
2022-05-02,155.2377471923828,155.50308325510557,150.6285715632027,154.00928950852122,123055300,39.93281399485049
2022-05-03,156.73153686523438,157.94034999172632,153.62600731797474,155.42445612408045,88966500,39.321152487322486
2022-05-04,163.15884399414062,163.61090803537846,156.51533507735743,156.91827280667675,108256500,44.79814981729778
2022-05-05,154.06822204589844,161.25223873479916,152.2795808204663,161.02620676532553,130525300,40.78717626027311
2022-05-06,154.7965545654297,156.92245186539364,151.74549742097102,153.54660360417492,116124600,41.917538951929544
2022-05-09,149.6589813232422,153.36945750408893,149.0979893908198,152.48365942752434,131577900,34.779556853167875
2022-05-10,152.07028198242188,154.26508109944479,150.5152283773258,153.06434369573583,115366700,37.97420300953929
2022-05-11,144.18678283691406,152.99546042303857,143.5076754500473,151.07625368918983,142689800,33.34458468091405
2022-05-12,140.30897521972656,143.89149901958908,136.60835102555794,140.51566592761506,182602000,33.734774673532954
2022-05-13,144.78712463378906,145.7614978791984,140.8502848803236,142.3069113841073,113990900,37.44373451414396
2022-05-16,143.24191284179688,145.19065940090803,141.90338667799685,143.25176455295096,86643800,40.382734837586554
2022-05-17,146.88351440429688,147.40514453340242,144.36392404181558,146.50950977669152,78336300,44.16239255012501
2022-05-18,138.59646606445312,145.0331931657119,137.69097960525806,144.5312514480339,109742900,31.8417739526016
2022-05-19,135.18125915527344,139.4232021551722,134.4431016025898,137.67130943156462,136095600,33.18196357823342
2022-05-20,135.41744995117188,138.47834364409812,130.51608836864122,136.89376494741566,137426100,33.10394973887368
2022-05-23,140.8502960205078,140.99792151579808,135.47650272414663,135.61429152570187,117726300,37.31382288232176
2022-05-24,138.14370727539062,139.72828587372672,135.16155236949282,138.58659874320531,104132700,28.75463230068472
2022-05-25,138.30116271972656,139.5510983295458,136.15557758649018,136.24415286255308,92482700,34.213622016689115
2022-05-26,141.5097198486328,142.06087507401406,134.97456571452705,135.22061822713323,90601500,37.32632693065653
2022-05-27,147.27719116210938,147.31655295622195,142.96634634088457,143.09429845299417,90978500,47.7551008667914
2022-05-31,146.48983764648438,148.28110735892756,144.5214173125584,146.71621679774168,103718400,44.57418992649668
2022-06-01,146.3618621826172,149.3440170056093,145.34811215987284,147.53305935939102,74286600,52.49038932577477
2022-06-02,148.82241821289062,148.88146841697989,144.54109820216505,145.4957832158868,72348100,60.07455288672143
2022-06-03,143.08444213867188,145.63354221228246,142.17897081970852,144.58043039547144,88570300,48.043435188253625
2022-06-06,143.83242797851562,146.22406574159245,142.61200234875395,144.70837415100206,71598400,50.69122991771685
2022-06-07,146.3618621826172,146.64727644838695,141.82465390118458,142.07070637844697,67808200,49.373054032116976
2022-06-08,145.6237030029297,147.50353249308398,145.13159805431155,146.23390833350376,53950200,60.317858610317394
2022-06-09,140.38772583007812,145.61387897508678,140.27946212008615,144.75762100742102,69473000,57.25649522579691
2022-06-10,134.9647216796875,138.53739375627023,134.89581977133565,138.06497716276021,91437900,49.448717129271095
2022-06-13,129.79759216308594,133.06516086295247,129.36453745178866,130.7719502456552,122207100,36.4535667879272
2022-06-14,130.66372680664062,131.77588901971137,129.40393908646058,131.0278947539339,84784300,40.399245426691934
2022-06-15,133.29153442382812,135.17137886483886,130.0731789874158,132.16953578167917,91533000,43.95345179480511
2022-06-16,128.00633239746094,130.2995431807251,127.00243413205736,129.99444052600703,108123900,34.47963807253562
2022-06-17,129.482666015625,130.97866943008026,127.76029850473763,128.01620271778103,134520300,27.309285708170577
2022-06-21,133.72459411621094,134.8958062983936,131.21487088907804,131.31328286822668,81000500,35.04035752233531
2022-06-22,133.21286010742188,135.5847953387102,131.79559497900595,132.6616897658164,73409200,34.72799432031455
2022-06-23,136.08673095703125,136.40167037101077,133.48841696582116,134.65962935518908,72433800,35.34870820855437
2022-06-24,139.42318725585938,139.66923974712645,137.56303102259437,137.69096810591373,89116800,45.54170519036903
2022-06-27,139.42318725585938,141.22429329407663,138.74407997710588,140.44675901167543,70207900,44.53126537681816
2022-06-28,135.2698516845703,141.15542444919123,135.1517512668135,139.88579990473832,67083400,36.77541162310417
2022-06-29,137.03158569335938,138.4488508230255,134.51200991522234,135.28954440451295,66242400,40.00001420722444
2022-06-30,134.56118774414062,136.18512818079344,131.65777134820112,135.0828178246583,98964500,42.752172935938624
2022-07-01,136.73631286621094,136.84457658654097,133.51795639594204,133.89194605156405,71051600,52.397464081299404
2022-07-05,139.32476806640625,139.3739815709903,134.76787086684834,135.59461869744254,73353800,63.860325212275924
2022-07-06,140.66329956054688,141.84434862551257,138.85235665974255,139.11809758016227,74064300,64.35033157654553
2022-07-07,144.0391387939453,144.23597778940012,141.0176069003368,141.0274435938611,66253700,65.09963954917708
2022-07-08,144.71820068359375,145.2201572871192,142.71041932304064,142.96630846160784,64547800,76.96958712901179
2022-07-11,142.58248901367188,144.32454481016836,141.50970378477396,143.36985996820178,63141600,70.69993663506136
2022-07-12,143.55686950683594,146.10596977247354,142.7596618190989,143.4584425008562,77588800,67.32581901094883
2022-07-13,143.19271850585938,144.13755169717774,139.8759205891,140.73219350243247,71185600,67.67782698195782
2022-07-14,146.12567138671875,146.5980880188513,140.9880935814835,141.80498974783282,78140700,67.74533920248575
2022-07-15,147.798828125,148.47793549322745,145.85993303693337,147.41498678876548,76259900,65.73018316622286
2022-07-18,144.747802734375,149.17674867757293,144.3836347446811,148.3598524014626,81420900,58.97189600895971
2022-07-19,148.61569213867188,148.84205620646762,144.5902773267497,145.58432390085355,82982400,72.7059567528332
2022-07-20,150.6234893798828,151.29275997844778,147.99565052411046,148.73380801228873,64823400,72.93258672845465
2022-07-21,152.8970489501953,153.1135763791581,149.5408888191267,152.06046433667046,65086600,81.14356801306224
2022-07-22,151.65692138671875,153.8123437761435,150.98766576840873,152.93639744167695,66675400,76.17408184056417
2022-07-25,150.53492736816406,152.59192281243702,149.8755084226827,151.5781876406526,53623900,70.73177476785472
2022-07-26,149.20626831054688,150.6727318576423,148.41889716817153,149.85583561149025,55138700,65.80491374190095
2022-07-27,154.31431579589844,154.84579773162048,149.75743263008687,150.17079912572828,78620700,67.86458239375864
2022-07-28,154.86541748046875,155.15083171358893,151.9718382760139,154.50124964363994,81378700,67.72095769831779
2022-07-29,159.9439697265625,161.04629519406532,156.98150288420325,158.69403377664,101786900,77.49384542966972
2022-08-01,158.95977783203125,161.00693677079695,158.34957233740533,158.46767275111222,67829400,74.38464961250573
2022-08-02,157.4834442138672,159.84555733737668,157.10945460814798,157.57203453166576,59907000,71.854344351235
2022-08-03,163.50680541992188,163.95953359141228,158.2117510307237,158.30032632281717,82507500,74.28496139870326
2022-08-04,163.1918487548828,164.55006328617097,161.83363422359466,163.38868774052628,55474100,72.35564191331889
2022-08-05,162.9651641845703,163.45795268825668,160.64905220175967,160.85602999034109,56697000,78.82196904040313
2022-08-08,162.4921112060547,165.3897106347166,161.8317762742878,163.97047703384425,60276900,74.59623609876738
2022-08-09,162.54139709472656,163.42842563656737,160.8954849037263,161.654383591601,63135500,72.70085577400405
2022-08-10,166.799072265625,166.89762095148,164.49281044366623,165.26155937141485,70170500,74.61927370301214
2022-08-11,166.0598907470703,168.52383349342222,165.76421460976547,167.6072389716485,57149200,75.96713094527418
2022-08-12,169.61782836914062,169.68681094741032,166.95675811414395,167.37071373861576,68039400,81.62664876891415
2022-08-15,170.69210815429688,170.88922057556053,168.8786498167292,169.04619612673898,54091700,85.91191163823665
2022-08-16,170.53439331054688,171.2045935150572,169.18415758381616,170.28799905158363,56377100,82.48653320383531
2022-08-17,172.032470703125,173.60938490139674,170.08103242735956,170.27814482230454,79542000,83.12659514451848
2022-08-18,171.6382598876953,172.37744277272193,170.6231165953559,171.24403503116682,62290100,77.54586382715047
2022-08-19,169.0461883544922,171.23417071896347,168.83921054651765,170.53440436112984,70346300,72.0855888695178
2022-08-22,165.15316772460938,167.41013274664442,164.72936173644348,167.24258643834608,69026800,65.18666274292502
2022-08-23,164.81805419921875,166.27671913488913,164.24641767665275,164.67022364972456,54147100,53.35130387848667
2022-08-24,165.1137237548828,165.68536025466128,163.85218632044496,164.90676099384123,53841500,54.91679639984572
2022-08-25,167.57769775390625,167.68611185239817,165.9219352009918,166.34572619773232,51218200,60.588304936681105
2022-08-26,161.2601318359375,168.58297803338863,161.20099961189769,168.10990520235598,78961000,47.77023589837629
2022-08-29,159.05245971679688,160.55052629290446,157.5149616294303,158.82576612384563,73314000,44.1429658262186
2022-08-30,156.61805725097656,160.2154075742502,155.44521812063925,159.79161664881417,77906200,31.794187547238806
2022-08-31,154.95245361328125,158.26399371424608,154.87360563007792,157.99788365077418,87991100,30.774541388229935
2022-09-01,155.68177795410156,156.13513503517575,152.43922061054926,154.3808088580502,74229900,23.260273699878738
2022-09-02,153.56277465820312,158.04715373707748,152.7348934543625,157.44595106884975,76957800,18.40005629838143
2022-09-06,152.30126953125,154.82434518808464,151.4733881511106,154.2132920320842,73714800,17.680034707571394
2022-09-07,153.71060180664062,154.41035308350388,151.39448974668554,152.587044582361,87449600,17.420223445982458
2022-09-08,152.23226928710938,154.1048600544352,150.47792793917256,152.40966597426606,84923800,16.773512256370893
2022-09-09,155.10028076171875,155.54380253729465,152.51807328330133,153.2276900777651,68028800,26.34565364238925
2022-09-12,161.0728759765625,161.89090686431402,157.00245233153106,157.2882631049793,104956000,43.535271386795806
2022-09-13,151.62118530273438,158.2245492067868,151.15796283866058,157.59378043168627,122656600,33.777539187352005
2022-09-14,153.0699920654297,154.83418366980385,151.3945138382118,152.557487712131,87965400,35.603204111442025
2022-09-15,150.17237854003906,153.0009950551444,149.19666683175186,152.41949313430064,90481100,29.407574322648344
2022-09-16,148.52645874023438,149.16709284731172,146.2300624042499,149.02911266156946,162278800,33.06233524363442
2022-09-19,152.25196838378906,152.3308163679246,146.94957303943247,147.15653583891242,81474200,41.30542080462465
2022-09-20,154.63705444335938,155.80004334278618,150.8721574135687,151.18753429290712,107689800,47.46404597052733
2022-09-21,151.50291442871094,156.4505157277147,151.38464998799563,155.07069875161233,101696800,45.74413330878485
2022-09-22,150.53707885742188,152.24212333754144,148.73347063401485,150.1822704357891,86652500,43.68955806711588
2022-09-23,148.26034545898438,149.28535399224103,146.41732122459265,149.00939362683624,96029900,43.52115701135727
2022-09-26,148.59548950195312,151.55222131778743,147.4817823722665,147.50149812854582,93339400,45.36716701715618
2022-09-27,149.57118225097656,152.48849721993565,147.78729002305445,150.5370586818527,84442700,44.768322471329824
2022-09-28,147.67886352539062,148.46732818361193,142.75097820989805,145.5105969943164,146691400,44.30469713811089
2022-09-29,140.42501831054688,144.60387054853373,138.65097655674526,143.99281757061257,128138200,33.459248950378324
2022-09-30,136.20675659179688,141.03609356030535,136.0096441732016,139.2423359620473,124925300,20.81893343972243
2022-10-03,140.39544677734375,141.00651477037042,135.7041054662748,136.21660973950978,114311700,34.96966106196497
2022-10-04,143.99282836914062,144.11109281535886,142.17935497441533,142.93825359464822,87830100,38.50764191844473
2022-10-05,144.28846740722656,145.25434369926734,140.94736196435568,141.99208622138215,79471000,42.02510220728016
2022-10-06,143.33245849609375,145.41202660543266,143.12549574401123,143.70698257528738,68402200,42.826023363465694
2022-10-07,138.0695037841797,141.03610072606975,137.4387349893986,140.4841648717613,85925600,31.209171997185805
2022-10-10,138.3946990966797,139.84349826534364,136.57139095235465,138.3946990966797,74899000,27.237474568928093
2022-10-11,136.97552490234375,139.31135326076313,136.22649159037823,137.88225418694904,77033700,28.61283921086931
2022-10-12,136.3447265625,138.33559643003326,136.1673299106835,137.1233408598166,70433700,28.89791154869195
2022-10-13,140.9276885986328,141.51902589270472,132.43200294708785,133.04307103462438,113224000,39.79706790942579
2022-10-14,136.3841552734375,142.43559768266257,136.19689323010235,142.22861988773633,88598000,34.790001125143306
2022-10-17,140.35604858398438,140.83897177317823,138.24691403880277,139.035378783641,85250900,39.31916940648395
2022-10-18,141.67669677734375,144.58414598172774,138.58198553276452,143.39160620792404,99136600,42.949739574931804
2022-10-19,141.78512573242188,142.85940118883795,139.45916311704835,139.6464251768979,61758300,51.91988586138983
2022-10-20,141.32191467285156,143.78585768272674,140.59258212799125,140.95725591977873,64522000,58.07660301152076
2022-10-21,145.14593505859375,145.71757154709675,140.59255890223196,140.80938705437833,86548600,57.588191077499346
2022-10-24,147.29449462890625,148.06324356402658,143.89425664068742,145.06709579621315,75981900,55.529868414596244
2022-10-25,150.14280700683594,150.2906525903393,147.20579155352908,147.92525860269856,74732300,59.03288538144971
2022-10-26,147.19593811035156,149.79786091510002,145.90481954516318,148.78271775892205,88194300,55.61608419435076
2022-10-27,142.71157836914062,146.900281375259,142.0512434645865,145.934419951747,109180200,56.90415747732717
2022-10-28,153.49378967285156,155.2284000306861,145.68802050452555,146.06252959255997,164762400,67.12886766755594
2022-10-31,151.12840270996094,152.01543120421692,149.7288849047636,150.9510060343384,97943200,65.71801678964545
2022-11-01,148.47718811035156,153.20796132588728,146.97912170575748,152.84330260142488,80379300,62.89545719495063
2022-11-02,142.93824768066406,149.97526767506156,142.9086815703328,146.80170816398885,93604600,52.09443757411217
2022-11-03,136.87698364257812,140.74044495007456,136.74885377800044,140.0111123159873,97918500,50.49765241433377
2022-11-04,136.61041259765625,140.8455457973991,132.6615642734104,140.27296098274414,140814800,45.91177015286103
2022-11-07,137.14349365234375,137.37054820183675,133.93505454893932,135.35664228494105,83374600,44.9656170460823
2022-11-08,137.71607971191406,139.62139172038218,135.73178893253106,138.61444628445304,89908500,45.52720236671543
2022-11-09,133.1453094482422,136.77825830980785,132.8688912272567,136.72889468527546,74917800,41.75648159714381
2022-11-10,144.99185180664062,144.99185180664062,137.71610267221538,139.43385733276594,118854000,49.86628587227745
2022-11-11,147.78564453125,148.09167786414133,142.5238023668343,143.955271925704,93979700,50.421501776205446
2022-11-14,146.38380432128906,148.35822845841318,145.544668037547,147.0649830587826,73374100,46.69191740146788
2022-11-15,148.1212921142578,151.6258979697989,146.66022247085542,150.2734222564666,89868300,50.832062363241505
2022-11-16,146.8872833251953,147.9534742124063,145.4064651591236,147.22294689122086,64218300,53.98782285876329
2022-11-17,148.79261779785156,149.5428936157141,144.28105100101916,144.5574692004244,80389400,44.59372196805815
2022-11-18,149.3553009033203,150.74727347635653,148.05218886107582,150.36226138845927,74829600,47.872760304120476
2022-11-21,146.11727905273438,148.44710055496702,145.83099412951367,148.23979441903631,58724100,47.20806226426062
2022-11-22,148.25949096679688,148.49642726977405,145.05105196598853,146.23571841721474,51804100,56.84559318606984
2022-11-23,149.13815307617188,149.8884289191742,147.4302651381728,147.53885908183943,58301400,68.20050663922069
2022-11-25,146.2159881591797,146.97614571181424,145.23864273436385,146.41342757107319,35195900,63.2165524191432
2022-11-28,142.37571716308594,144.76476841756258,141.54646269068775,143.28395040385445,69246000,56.598614844906116
2022-11-29,139.3647003173828,142.9581509844765,138.5551944029287,142.44479658527513,83763800,51.95868850319245
2022-11-30,146.1370086669922,146.81818743880567,138.75266623992653,139.59178750228543,111380900,64.66783813116956
2022-12-01,146.4134063720703,147.22292742638413,144.735149018476,146.31469421224674,71250400,52.172554404224826
2022-12-02,145.91983032226562,146.10740304717433,143.78744839224407,144.09349682237342,65447400,46.9328394224373
2022-12-05,144.7549285888672,148.99006226616046,143.90592550087496,145.88034988563246,68826400,47.301313470326335
2022-12-06,141.0824737548828,145.41633393123826,140.1051284296616,145.18927938388143,64727200,39.040892815058655
2022-12-07,139.13766479492188,141.536582777895,138.20968308402922,140.37167982245785,69721100,38.19548746354953
2022-12-08,140.8258056640625,141.68469046865562,139.2956388988772,140.5395207716393,62128300,37.78381851338319
2022-12-09,140.3420867919922,143.70848393310538,139.09818980739163,140.51977775341376,76097000,36.145732381773506
2022-12-12,142.6422882080078,142.65215490653637,139.2561427186447,140.87517003337655,70462700,44.50000169054603
2022-12-13,143.60972595214844,148.05217980078905,142.39545945134458,147.58818897150496,93886200,42.35639855980921
2022-12-14,141.37863159179688,144.78450984521314,139.35484405860026,143.49126458622354,82291200,37.787394691591665
2022-12-15,134.7544403076172,139.98666700994897,134.29044945457875,139.3054883080985,98931900,33.84355819247732
2022-12-16,132.78988647460938,135.8897316869335,132.01986228619933,134.94201656134896,160156900,35.733164249485284
2022-12-19,130.67727661132812,133.47108899879476,129.64071583228736,133.38224351436207,79592600,36.71501327007626
2022-12-20,130.608154296875,131.54600271059752,128.22896969448558,129.70978773625592,77432800,20.129017411891226
2022-12-21,133.71791076660156,135.06052017490597,131.05244041496246,131.27949503928645,85928000,27.979523369423106
2022-12-22,130.53903198242188,132.83923763447277,128.6337201487229,132.63193156053958,77852100,25.595231754215888
2022-12-23,130.1737823486328,130.72661868998517,127.9821703785141,129.24580060550824,63814900,26.261653176043197
2022-12-27,128.36715698242188,129.72951416992888,127.07391185568757,129.69989901921417,69007800,27.96029785075406
2022-12-28,124.42821502685547,129.35440133807893,124.2603907760934,128.01179226832107,85438400,26.152398778031184
2022-12-29,127.95255279541016,128.8114224477477,126.09659687618785,126.35326658304521,75703700,30.302103454048478
2022-12-30,128.26846313476562,128.28821159493137,125.80044037402875,126.76791156272077,77034200,31.43028597928003
2023-01-03,123.4706039428711,129.2260441509053,122.5821116407929,128.61397753423014,112117500,22.617018944154808
2023-01-04,124.74412536621094,127.01471627825023,123.48049504473303,125.26734659008874,89113600,23.28776061358971
2023-01-05,123.42125701904297,126.1360903730334,123.16458728849297,125.50427521319664,80962700,23.90252307539467
2023-01-06,127.9624252319336,128.6238555191488,123.29291630250204,124.39859654565812,87754700,39.49300720346915
2023-01-09,128.4856719970703,131.70399366511808,128.22900222762775,128.8015871566894,70790800,43.03076257141417
2023-01-10,129.05824279785156,129.5814640429866,126.48161843097465,128.59425187274505,63896200,47.24091573358019
2023-01-11,131.78292846679688,131.80266185993827,128.7916774670581,129.5715682785917,69458900,51.83583587880001
2023-01-12,131.70396423339844,132.5430854442494,129.75915527463124,132.16795510561155,71379600,46.52346200873547
2023-01-13,133.0366973876953,133.19465493922883,129.97634891095512,130.34161256817276,57809700,54.60506400337601
2023-01-17,134.2016143798828,135.53434166770566,132.4147629011091,133.10580835372033,63646600,57.213592493019185
2023-01-18,133.48095703125,136.83747220518643,133.3032510170013,135.0703691429246,69672800,59.52915773616751
2023-01-19,133.54019165039062,134.50765533885576,132.0593734264766,132.36540678256628,58280400,69.84948742759153
2023-01-20,136.10693359375,136.2550244536786,132.50361529041555,133.55005775379874,80223600,68.53682995026949
2023-01-23,139.30551147460938,141.48725702280552,136.1365537453342,136.35374163026458,81760300,72.1825724919467
2023-01-24,140.7073516845703,141.32930018220668,138.50587272731724,138.51573942626007,66435100,90.1195566357076
2023-01-25,140.04588317871094,140.6085861384213,137.03488381847254,139.0882864139194,65799300,86.66026913501716
2023-01-26,142.11907958984375,142.4053645091988,140.08540973782974,141.33917349067576,54105100,93.24195234840286
2023-01-27,144.06385803222656,145.34723680622537,141.25031251687773,141.3292912944412,70555800,92.31959728297552
2023-01-30,141.1713409423828,143.68873499989203,141.0232651416844,143.10628343226185,64015300,79.6492734685493
2023-01-31,142.44482421875,142.49418783542103,140.46053336332577,140.87516062877287,65874500,80.29488811338047
2023-02-01,143.5702362060547,144.73515421762997,139.51280928282884,142.1289150988489,77663600,78.75721542755758
2023-02-02,148.89134216308594,149.24672407231745,146.2752209542802,146.9958815985471,118339000,83.39084282832883
2023-02-03,152.52427673339844,155.36745253753844,145.93957351960248,146.13701293629845,154357300,84.75349184510489
2023-02-06,149.78968811035156,151.14217893420934,148.85183962560956,150.61895772492184,69858300,76.32539192514125
2023-02-07,152.67234802246094,153.24493285853742,148.71363285221915,148.71363285221915,83322600,80.20502568945088
2023-02-08,149.97726440429688,152.60325227526124,149.2368553096487,151.91220679965525,64120100,73.8880467072274
2023-02-09,148.94068908691406,152.35644968138112,148.49644664158131,151.81347999768036,56007100,69.51948181550237
2023-02-10,149.3065185546875,149.63279778324025,147.5367173791987,147.77401547814478,57450700,66.64533385344762
2023-02-13,152.11448669433594,152.5198501850578,149.21753098880535,149.24719136406156,62199000,68.1367330599966
2023-02-14,151.4718017578125,152.03537903023067,149.15820209418638,150.40398304690967,61707600,68.17745527423887
2023-02-15,153.57778930664062,153.74586979762776,151.15542974516777,151.38283098748437,65573800,68.21062260047685
2023-02-16,151.97607421875,154.56651436571883,151.6201346111262,151.77831825822219,68167900,62.713023779227555
2023-02-17,150.82913208007812,151.27405274729716,149.14831228910668,150.6313912376096,59144100,66.4399292047167
2023-02-21,146.8050537109375,149.59324968756485,146.73585119733022,148.50565230235682,58867200,56.7866524165776
2023-02-22,147.23019409179688,148.25845552223066,145.4999353225789,147.19063687139987,51011300,55.823638155016354
2023-02-23,147.7146453857422,148.644043866108,145.57902333709038,148.39686406118764,48394200,47.787052437410395
2023-02-24,145.05502319335938,145.5296042594395,144.07618560082526,145.45050490064946,55469600,35.419204751592844
2023-02-27,146.25137329101562,147.48727255329774,145.7866739614647,146.04375066348234,44998500,42.65150194735024
2023-02-28,145.74713134765625,147.3982909462784,145.17367228142913,145.39119175781394,50547000,34.04083090878274
2023-03-01,143.6707763671875,145.5691153128249,143.37415760672548,145.17363368998008,55479000,35.04007633035174
2023-03-02,144.26405334472656,145.05503189340783,142.27671766674902,142.75131384795435,52238100,38.66799969237868
2023-03-03,149.3262939453125,149.4053933099208,145.66803508048022,146.3700174255545,70732300,50.03903388719688
2023-03-06,152.09469604492188,154.53683399214765,151.72887472127306,152.0551388232703,87558000,49.960874882277736
2023-03-07,149.889892578125,152.29247388732216,149.42519317412447,151.9661946194071,56182000,47.05456855532031
2023-03-08,151.14552307128906,151.73876071934626,150.11726157953802,151.08620232381537,47204800,45.323149560279056
2023-03-09,148.8912353515625,152.7966735583546,148.5352958010874,151.82773287131755,53833600,44.2135740928585
2023-03-10,146.8248291015625,149.23730682187812,145.94486944980744,148.51554589298388,68572400,42.739326705674166
2023-03-13,148.7725830078125,151.412461528432,146.03382653001972,146.14258624824708,84457100,53.85805756687212
2023-03-14,150.86868286132812,151.66954312555754,148.40678132116508,149.57346291926225,73695900,56.695802781971096
2023-03-15,151.26417541503906,151.52123700910988,148.22879983662045,149.48447760738804,77167900,56.55355204989018
2023-03-16,154.09193420410156,154.69505367945354,149.9294186304983,150.4435569750594,76161100,66.58203592009619
2023-03-17,153.25149536132812,154.9718724178721,152.53961624045886,154.31931404263202,98944600,63.014674843061336
2023-03-20,155.6244354248047,156.03971087014546,152.4110972116962,153.3207323821306,73641400,67.17082091250698
2023-03-21,157.48324584960938,157.60188736571698,154.77414890073794,155.54536401542566,73938300,74.19475891680146
2023-03-22,156.04957580566406,160.31095376257457,156.02979719452793,157.50299444764113,75701800,70.05381776941859
2023-03-23,157.13717651367188,159.7276317574304,155.90127718884906,157.03831361968307,67622100,65.36964443131349
2023-03-24,158.44227600097656,158.53125712176995,156.06935559319226,157.06795670652497,59196500,63.2535076020612
2023-03-27,156.4945068359375,158.9564235953307,156.08912825748425,158.13578467553296,52390300,63.93980929217562
2023-03-28,155.87161254882812,156.7021483382564,154.2204529064242,156.18801000892674,45992200,60.24869876544027
2023-03-29,158.95643615722656,159.23327640666747,157.5524562960156,157.5722198233599,51305700,71.0678731008403
2023-03-30,160.52847290039062,160.63723263142947,159.45077243888025,159.70783403649028,49501700,79.28981616284955
2023-03-31,163.03982543945312,163.1387034155815,160.08356404514288,160.60758412796915,68749800,79.77703639161496
2023-04-03,164.29550170898438,164.4141432098461,162.36750188667764,162.41694087425697,56976200,79.04180588981579
2023-04-04,163.76158142089844,164.95792331758295,163.24744316398008,164.7206403425892,46278300,76.8706045697383
2023-04-05,161.91270446777344,163.18816110737487,159.97482264150005,162.88166046757286,51511700,67.55432318131565
2023-04-06,162.80255126953125,163.0991701273508,160.1725538630794,160.5976959928467,45390100,71.39063858405919
2023-04-10,160.20220947265625,160.20220947265625,158.27420958419825,159.59909001148102,47716900,60.14905126132008
2023-04-11,158.98609924316406,160.52849925536958,158.69936213850445,160.5186174915291,47644200,53.42960313950532
2023-04-12,158.29400634765625,160.23188822150757,157.97760884934243,159.40136741842844,50133100,55.30135984055302
2023-04-13,163.69236755371094,163.92966562076376,159.59907018867185,159.80670788317548,68445600,62.863807450570576
2023-04-14,163.3463134765625,164.44379244447808,161.97199432634915,162.7332972843388,49386500,60.00001244591472
2023-04-17,163.36610412597656,163.52430285260365,162.17964384959518,163.22768401184308,41516200,65.20791219241376
2023-04-18,164.5921173095703,165.52151594579726,163.78136017187086,164.22629596467013,49923000,68.79800174590676
2023-04-19,165.73904418945312,166.26306428456468,163.67260909854727,163.92968580784367,47720200,65.95352175863616
2023-04-20,164.77008056640625,165.9763194310247,163.69238005042013,164.21640012100644,52456400,60.26808471027673
2023-04-21,163.1584930419922,164.57235465877127,162.63447292379246,163.1881534195007,58337300,50.300354926291966
2023-04-24,163.4649658203125,163.73192425907348,162.04120759579996,163.1386866366401,41949600,47.79175740895209
2023-04-25,161.92259216308594,164.4339329839802,161.883034935673,163.32657200300784,48714100,45.35932501513263
2023-04-26,161.91270446777344,163.41556237454046,160.96354216946153,161.22060381553294,45498800,50.0
2023-04-27,166.51022338867188,166.65852525119462,163.32654598880194,163.32654598880194,64902300,58.54992033689331
2023-04-28,167.76589965820312,167.93399523157063,165.98621681699632,166.58933625125528,55209200,68.59512626982578
2023-05-01,167.67691040039062,168.52720964209172,166.7376300382773,167.370409816753,52472900,72.61970479581697
2023-05-02,166.63876342773438,168.42835824019505,165.65004401355455,168.17128153704527,48425700,71.33470966050596
2023-05-03,165.56106567382812,168.9919233057137,165.27434367702065,167.58794352434566,65136000,56.132468981375304
2023-05-04,163.91976928710938,165.1556684360722,162.45646891900202,163.02992793451995,81235400,51.7344503128121
2023-05-05,171.6120147705078,172.33377562947254,168.8337008869275,169.05122033812108,113316400,67.03433319463883
2023-05-08,171.5428009033203,171.88885869773142,170.168481660933,170.53430297922057,55962800,65.07936928300168
2023-05-09,169.8323211669922,171.5823434942616,169.66424069363828,171.09788068478838,45326900,58.66832197944733
2023-05-10,171.60214233398438,172.06684167430913,169.96086445482297,171.06824047843108,53724500,63.993584302292874
2023-05-11,171.7899932861328,172.62051394942262,170.22781484613878,171.88887125937896,49514700,68.77419483312535
2023-05-12,170.85931396484375,172.33453386665053,169.30487018579348,171.89889318697968,45497800,65.65811139516669
2023-05-15,170.36427307128906,171.49297161869612,169.77021484316816,171.44346424843133,37266700,68.70563095503756
2023-05-16,170.36427307128906,171.42365827881974,170.09694535788182,170.28506430037106,42110300,68.73575069242332
2023-05-17,170.97813415527344,171.2157453771671,168.7306323338431,170.00785308163907,57951600,62.029268677453786
2023-05-18,173.31472778320312,173.50284672542747,170.86921174934298,171.2850464654308,65496700,64.11777859909247
2023-05-19,173.4236297607422,174.6414324508558,173.20580942819797,174.6414324508558,55772400,64.60646921804232
2023-05-22,172.47312927246094,172.97808324363118,171.73056412194157,172.2553089530398,43570900,64.89560713971277
2023-05-23,169.85931396484375,171.66127945739515,169.5820908286863,171.41375772100255,50747300,60.17563252272169
2023-05-24,170.1365509033203,170.71080319124064,168.82964388505917,169.393985633902,45143500,65.73371590544856
2023-05-25,171.275146484375,172.1761141248664,169.98803043113716,170.70089424192957,56058300,48.72423417644713
2023-05-26,173.69094848632812,174.0275895351184,171.39395459047836,171.60187949980389,54835000,56.90759162380733
2023-05-30,175.5424041748047,177.21565339375218,174.81964499350826,175.20577826653255,55964400,68.19638810818171
2023-05-31,175.49290466308594,177.57209321550437,175.0077566388477,175.57211342872856,99625300,63.92558602859337
2023-06-01,178.30477905273438,178.3344804566055,175.17610024638307,175.93847152997847,68901800,69.63011324189996
2023-06-02,179.15623474121094,179.97800874169684,177.48298533965166,179.2354435119536,61945900,75.11990634785268
2023-06-05,177.7998046875,183.11656642752385,176.2750624238164,180.81957270938136,121946500,71.39595435365817
2023-06-06,177.43348693847656,178.33445457100666,175.6711182885981,178.18594757320713,64848400,69.92187567189157
2023-06-07,176.05726623535156,179.41366034455214,175.56222276728346,176.67111530134713,61944600,63.72389760572067
2023-06-08,178.77999877929688,179.04731136486936,175.70082791608735,176.1364534617516,50214900,64.46540067688181
2023-06-09,179.1661376953125,180.42353722036253,178.8394071951532,179.70077799078283,48870700,64.97935438573029
2023-06-12,181.96807861328125,182.0670933538608,179.17604119777275,179.473070311983,54274900,72.58603229682004
2023-06-13,181.4928436279297,182.32451307330234,180.63147278147434,180.98790470199526,54929100,80.80760897411548
2023-06-14,182.1265106201172,182.5621513412214,180.21564985689943,181.55225831570974,57462900,81.16320573631359
2023-06-15,184.1660614013672,184.67101539623405,181.95817181365123,182.13639531405346,65433200,82.00593278450657
2023-06-16,183.08688354492188,185.1363708565112,182.4433330473612,184.87893857146415,101235600,74.98693381204816
2023-06-20,183.1759796142578,184.2551858622496,182.58193651385486,182.58193651385486,49799100,72.39986030142654
2023-06-21,182.13641357421875,183.57203672168455,180.77998409317422,183.0670826761933,49515700,68.42409495800098
2023-06-22,185.14627075195312,185.19577812392734,181.84927919785179,181.91859254012144,51245300,68.76706709639613
2023-06-23,184.82940673828125,185.70068800461124,183.17596350424247,183.71061886586367,53079300,66.03243597538625
2023-06-26,183.4333953857422,186.18583562698444,183.3937834514289,184.97792845837867,48088700,65.88504176458491
2023-06-27,186.19577026367188,186.5225008066865,183.8294627923201,184.04728315432985,50730800,71.76593484982985
2023-06-28,187.37396240234375,188.01751290126907,185.7403249158235,186.06704032710473,51216800,78.39053285243222
2023-06-29,187.71060180664062,188.18585447217086,187.06705126158826,187.2056628454855,46347300,75.45156307619519
2023-06-30,192.0471649169922,192.55210381756805,189.36402266288647,189.73036510372253,85069600,79.9632137626812
2023-07-03,190.55215454101562,191.95807629669292,189.8590815409033,191.85906155166862,31458200,71.26054777374327
2023-07-05,189.43333435058594,191.06697174397888,188.73036598215447,189.67096065277283,46920300,69.05895520529502
2023-07-06,189.9085693359375,190.11649423604223,187.32444187549908,187.95809689875657,45094300,68.82183133885385
2023-07-07,188.78977966308594,190.7600582083635,188.35415407859097,189.51255404191053,46778000,61.704313701254556
2023-07-10,186.7403106689453,188.10663557063202,185.18586681905202,187.38386117936162,59922200,58.81512647737339
2023-07-11,186.21556091308594,187.4234682366511,184.75023641356677,187.28485666382537,46638100,57.18300615886111
2023-07-12,187.88882446289062,189.79968522544766,186.60170827121757,187.79970514631046,60750200,63.19854357035326
2023-07-13,188.6511688232422,189.29473443261006,187.89870814797314,188.61157199087162,41342300,58.96653568665354
2023-07-14,188.7996826171875,189.28481555311026,187.75019286903466,188.3442359735881,41573900,60.245356836852984
2023-07-17,192.0669708251953,192.39370132812152,189.9085734412509,189.9976776399959,50520200,70.31692113238441
2023-07-18,191.80953979492188,192.40359800546008,190.51252831302557,191.433317028607,48353800,64.97619466317565
2023-07-19,193.1659698486328,196.26493172677777,190.74024473686075,191.18579595006162,80507300,65.30613067823032
2023-07-20,191.2154998779297,194.52238670645607,190.5917402572243,193.1560618639693,59581200,58.5342201805548
2023-07-21,190.0373077392578,193.03727024392953,189.33433929774543,192.17589935868594,71917800,44.216573553199375
2023-07-24,190.8392791748047,192.97787083183135,190.3442356490594,191.49274025459553,45377800,50.86053222479843
2023-07-25,191.7006378173828,192.51251639930572,191.00757994716116,191.4135192381226,37283200,56.90177637482791
2023-07-26,192.57191467285156,193.70061320853526,191.40361930588426,191.75014067908202,47471900,57.91646899494474
2023-07-27,191.30458068847656,195.2451220868233,190.64122431769522,194.07682686567816,47460200,57.40950877218222
2023-07-28,193.88873291015625,194.68080550669023,192.21548351570434,192.74022840055838,48291400,70.41849104727801
2023-07-31,194.50259399414062,194.54220593555127,193.3243880114047,194.1164606567971,38824100,73.55088709516554
2023-08-01,193.6708984375,194.7797909272219,193.34416794873687,194.29465801673214,35175100,67.25753269938426
2023-08-02,190.67095947265625,193.24517665133837,189.94820018063527,193.10656507331342,50389300,55.31806161878888
2023-08-03,189.27491760253906,190.46301890335675,188.79968010371752,189.67096144116343,61235200,51.17414786157684
2023-08-04,180.18592834472656,185.5224963676216,180.11661500704574,183.6809340478131,115799700,27.20369689403752
2023-08-07,177.07705688476562,181.31462781819698,175.5919264611557,180.32454086912372,97576100,24.52060607468053
2023-08-08,178.01763916015625,178.48298124186843,175.81964489133262,177.9087289898081,67823000,23.41907144092606
2023-08-09,176.423583984375,179.13641237321562,175.25527360727992,179.0770095774785,60378500,23.715709736002864
2023-08-10,176.2057647705078,178.95820511217872,175.83943745613908,177.7007905335651,54686900,24.55373935930706
2023-08-11,176.2652587890625,177.0881424893324,175.03590276334816,175.7993034466227,51988100,22.434724887805018
2023-08-14,177.9209442138672,178.14896748076782,175.78937369863468,176.44371711975322,43675600,24.697399654363153
2023-08-15,175.9281768798828,177.94076628789648,175.53161335110406,177.34592099472832,43622600,20.647298482801673
2023-08-16,175.0557403564453,177.00883168990967,174.98633341606396,175.61093536777827,46964900,20.93895150506235
2023-08-17,172.50778198242188,175.98767489704687,171.99223724872292,175.6208528452633,66062900,11.71060095814903
2023-08-18,172.99356079101562,173.59832997175556,170.48525954825683,170.82234004167174,61114200,11.303711902597144
2023-08-21,174.33197021484375,174.61949160968172,172.24998915809468,173.5685847246663,46311900,15.830867382151979
2023-08-22,175.71006774902344,176.15620551446153,174.73847648439144,175.5415274877659,42084200,21.959179844683675
2023-08-23,179.56671142578125,179.99303161559698,176.80064510070915,176.9890180826326,52722800,33.34075214146078
2023-08-24,174.8673553466797,179.54687744583052,174.50051821034532,179.1205572949361,54945800,39.25452036584659
2023-08-25,177.07821655273438,177.6135787817926,174.31215063473297,175.8587694385985,51449600,50.00243117534532
2023-08-28,178.6446990966797,179.04126265908485,177.0187642861302,178.5455506421133,43820700,51.28097707738355
2023-08-29,182.5409698486328,183.31427930675537,177.9605961154563,178.1588778766287,53003900,61.422383951013344
2023-08-30,186.04071044921875,186.23900735465395,183.1556780614674,183.35395983897268,60813900,66.35886804692969
2023-08-31,186.25881958007812,187.49809956371718,185.8721648302999,186.22907807070516,60794500,66.53544778191946
2023-09-01,187.835205078125,188.2912516644068,186.66531684562548,187.86494658905943,45732600,66.44739873096974
2023-09-05,188.07310485839844,188.35070233138782,186.0010326036107,186.66528478025867,45280000,71.39364434615166
2023-09-06,181.3413543701172,187.2304149251444,179.91370149278592,186.78426205503195,81755800,59.17775526045384
2023-09-07,176.03724670410156,176.6816813943478,172.05171790486162,173.67765269377628,112488800,54.769560689946694
2023-09-08,176.65191650390625,178.69426259870855,176.26526175899272,176.82047189213844,65551300,54.926576231510495
2023-09-11,177.82180786132812,178.7537488345446,175.81912716109244,178.52572555213936,58953100,54.72106672039131
2023-09-12,174.7880401611328,178.58519559094336,173.32073699502078,177.95068488711692,90370200,48.80615663281878
2023-09-13,172.71597290039062,175.77946927367296,172.48793449989455,174.99623588192003,84267900,40.6998566563647
2023-09-14,174.2328338623047,174.5897470555056,172.09135470309917,172.507750907179,60895800,49.05714280531758
2023-09-15,173.5091094970703,174.98633670911127,172.32932763975032,174.9665039932106,109205100,44.45131327182386
2023-09-18,176.4437255859375,177.84163701778533,174.65915940995401,174.9664984209427,67257600,46.71789053764586
2023-09-19,177.5343017578125,178.08949677364237,175.61093679016653,175.99759154247158,51826900,41.85223132007872
2023-09-20,173.98497009277344,178.1588558667478,173.8957304525312,177.7226269693033,58436200,30.41230391478733
2023-09-21,172.43836975097656,174.78805492740332,172.3689779372214,173.0530629204369,63047900,28.474327816629767
2023-09-22,173.2909698486328,175.56133895987557,172.5573258740407,173.17200382635897,56725400,26.824494424531196
2023-09-25,174.56993103027344,175.4522977411563,172.65647493916612,172.70604916227998,46172700,29.174318921834512
2023-09-26,170.4852752685547,173.69747930093746,170.1878450472042,173.32074847329434,64588900,31.7682349938447
2023-09-27,168.9683837890625,171.5560010147378,167.6002289663342,171.13960475321795,66921800,36.39829779437887
2023-09-28,169.2261505126953,170.5546549284134,166.18247183150447,167.88772217595067,56294400,35.51257251081671
2023-09-29,169.74169921875,171.58574835004075,168.87915010499984,170.54475018871184,51814200,33.82293819125627
2023-10-02,172.2599334716797,172.80521973991003,169.46411031162458,169.75163176575097,52164500,44.831830647797624
2023-10-03,170.9215087890625,172.14097132417464,169.35507202363982,170.78271002017956,49594600,46.21816689691721
2023-10-04,172.17068481445312,172.71597100628938,169.50375199905025,169.62271803074952,53020300,45.60442598477186
2023-10-05,173.40997314453125,173.94533544106068,171.19908676207933,172.29956799243436,48527900,49.79323048642552
2023-10-06,175.9678497314453,176.46356172729125,171.69479961979252,172.30949278163357,57224100,48.99161462587211
2023-10-09,177.45498657226562,177.51446959158443,174.2923416030924,175.29367439346143,42390800,49.83470832601954
2023-10-10,176.86012268066406,178.17871838563994,176.42389371024447,176.57261638357625,43698000,56.833228407221625
2023-10-11,178.25804138183594,178.30761560829964,176.07691156880261,176.6717569025772,47551100,63.92976207520212
2023-10-12,179.1602325439453,180.77624333047942,177.50454119898205,178.52572180730996,56743100,64.01518960775483
2023-10-13,177.31617736816406,180.3697497847248,176.61225971587282,179.8641290223829,51427100,56.38542299373868
2023-10-16,177.1873016357422,177.54421488719547,174.99624790055657,175.2341951108354,52517000,69.095998233108
2023-10-17,175.63076782226562,176.8898806260753,173.30093033620963,175.13505578762425,57549400,68.94025888395336
2023-10-18,174.33197021484375,176.0570532000882,173.608235023302,174.07420545389226,54764400,63.70401313822577
2023-10-19,173.9552764892578,176.31485552292168,173.68758775067354,174.53028914557814,59302900,61.39416471015419
2023-10-20,171.3973846435547,173.91559492791032,171.15943743932888,173.80653768363138,64189300,47.67252652417232
2023-10-23,171.51634216308594,172.51767489960218,168.4726633962427,169.4442697526279,55980100,51.71815292940601
2023-10-24,171.9525909423828,172.18061423977284,169.97965162202772,171.56593616509952,43816600,49.33900250562123
2023-10-25,169.63265991210938,171.57584256593557,169.18650699014253,170.4059694558874,57157000,39.255549093308105
2023-10-26,165.45875549316406,169.91025482669738,164.24921696829185,168.90890687614655,70625300,22.624012439800367
2023-10-27,166.77732849121094,167.5109876180873,165.3992498850538,165.4785656118454,58499100,21.938467387041428
2023-10-30,168.82955932617188,169.70201714769797,167.4217392864812,167.5704619394744,51131000,30.39681575969503
2023-10-31,169.30548095703125,169.43435579022267,166.4600837859852,167.89766069037708,44846000,27.116075126936806
2023-11-01,172.47804260253906,172.73580740860803,168.66105397183955,169.5335119738121,56934900,34.69576327575892
2023-11-02,176.0471649169922,176.25535548295753,173.95525969593038,174.01474271477764,77334800,47.30642020699813
2023-11-03,175.13504028320312,175.30359567263832,171.8633532465518,172.74571998498175,79763700,45.784091785346874
2023-11-06,177.69293212890625,177.89121391765332,174.6988423245846,174.86738260141615,63841300,54.068853726475815
2023-11-07,180.2606964111328,180.87537437336846,177.4351323131202,177.64332285545842,70530000,61.1401105911402
2023-11-08,181.321533203125,181.87672821790486,180.03267898856913,180.78617090399572,49340300,63.49429793200454
2023-11-09,180.84564208984375,182.54096853276508,180.2507816826859,181.3909282750837,53763500,68.73764972392877
2023-11-10,185.04490661621094,185.21368408342525,182.1957757372482,182.63257945692072,66133400,73.09238223928972
2023-11-13,183.45651245117188,184.67756614585693,182.8708053693486,184.46910132249658,43627500,68.89332173886893
2023-11-14,186.0773468017578,186.74247420260892,184.9456350058848,186.33545119454976,60108400,76.74340235988933
2023-11-15,186.6431884765625,188.12236184083608,186.414864785386,186.4843631662735,53790500,89.03201465082006
2023-11-16,188.33084106445312,189.57175373642215,187.2785343944212,188.191859451107,54412900,89.1791829274043
2023-11-17,188.31097412109375,188.99596031021713,187.19912126214516,188.86690055056806,50922700,88.23788741522718
2023-11-20,190.05816650390625,190.51482899547432,188.49958819031184,188.50951003765908,46505100,88.79697120453498
2023-11-21,189.25404357910156,190.12765081249867,188.3605926524781,190.01844990832404,38134500,84.40976790827
2023-11-22,189.91917419433594,191.52739194971423,189.44266803493824,190.09787347152113,39617700,82.30133836255598
2023-11-24,188.5889434814453,189.51217522879531,187.87417657801197,189.48239453680722,24048300,80.7294218840506
2023-11-27,188.4102325439453,189.28383984926063,187.52670339120002,188.53929229982836,40552600,77.4637313377977
2023-11-28,189.0157928466797,189.6908571482296,188.0230628104096,188.40030507150686,38415400,74.9439626614823
2023-11-29,187.99330139160156,190.69352857887446,187.5962153955331,189.5121772909601,43014200,69.05001947520637
2023-11-30,188.56907653808594,188.93639696992793,186.82187704243873,188.4598756228668,48794400,71.92778464665614
2023-12-01,189.84970092773438,190.1673666680402,187.85430382511626,188.94631294335792,45679300,66.35125970652717
2023-12-04,188.0528564453125,188.66835941071503,186.08725507958516,188.59886103241988,43389500,65.42306337451257
2023-12-05,192.01385498046875,192.9867262414063,188.79740398889692,188.82719982806023,66628400,68.27625277980557
2023-12-06,190.92184448242188,193.34409300404033,190.7133645134209,193.03634912187633,41089700,62.75899662922167
2023-12-07,192.857666015625,193.58235469178888,192.1826017223777,192.22231940614063,47477700,63.30215582179496
2023-12-08,194.2871856689453,194.56514884381693,192.26200808304424,192.788153746041,53377300,66.21764086714484
2023-12-11,191.77560424804688,192.08336332058192,190.02840462687192,191.70612101402028,60943700,54.47495940674206
2023-12-12,193.29449462890625,193.30441647720014,190.32622602015354,191.6763396332624,52696900,60.14974996952718
2023-12-13,196.52085876464844,196.56056130389416,193.43346752411227,193.67171305530522,70404200,64.69298930784205
2023-12-14,196.66976928710938,198.16878635020208,194.73394853732478,196.58042720970235,66831600,68.98324222600591
2023-12-15,196.1337127685547,196.9576655039482,195.56784928391744,196.09399507777627,128256700,67.84418463308737
2023-12-18,194.4658966064453,195.20052232582978,192.9768014723469,194.66443959475328,55751900,62.002674892970674
2023-12-19,195.5082550048828,195.5181768519779,194.46588544128923,194.73392679143802,40714100,66.53559063451006
2023-12-20,193.4136199951172,196.24289187855894,193.4136199951172,195.46856356116558,52242800,59.99186783085088
2023-12-21,193.26467895507812,195.64724016492798,192.09326476649224,194.67436895686498,46482500,57.38828960521225
2023-12-22,192.1925506591797,193.98938969071887,191.56712585784612,193.7610508645393,37122800,59.24615446485597
2023-12-26,191.64657592773438,192.48046569413555,191.42817406303007,192.2025024386685,28919300,49.031999124898256
2023-12-27,191.74581909179688,192.09328069742187,189.7007974418798,191.09062871652011,48087700,52.29158851218192
2023-12-28,192.17271423339844,193.24486466881353,191.7656912152772,192.72864072260757,34049900,47.92052128490466
2023-12-29,191.1303253173828,192.98672576072192,190.33613820624774,192.4903607097449,42628800,40.18522489425615
2024-01-02,184.29042053222656,187.07006792285642,182.55314280656535,185.78943757371047,82488700,31.663405907344597
2024-01-03,182.9105224609375,184.52867738484042,182.0964765011294,182.88074176951616,58414500,24.38777461133266
2024-01-04,180.58753967285156,181.7589539428833,179.5650288616003,180.82578520690032,71983600,8.867179806351473
2024-01-05,179.86280822753906,181.43132339381734,178.8601564136659,180.66693222535534,62303300,7.86452208681095
2024-01-08,184.21099853515625,184.2507162227342,180.18051667398524,180.76622380895435,59144500,24.90598177507694
2024-01-09,183.79403686523438,183.80395871229015,181.40155386113295,182.5829050186709,42841800,26.290271292417188
2024-01-10,184.83644104003906,185.04490590225782,182.5829392119836,183.0098210810569,46792900,26.290421220064204
2024-01-11,184.2407684326172,185.6901609871056,182.2850890001184,185.18385896123664,49128400,28.166445117566298
2024-01-12,184.56837463378906,185.382420570264,183.84368591687618,184.7073562390581,40444700,29.475308975431062
2024-01-16,182.2950439453125,182.9204536449405,179.61466039771227,180.83572939974707,65603000,27.893716928827672
2024-01-17,181.3519287109375,181.6001112377356,178.98924135636386,179.95219077216925,47317400,27.407496209300206
2024-01-18,187.2586669921875,187.76495384502815,184.47901992929332,184.73712427915873,78005800,42.15280979950131
2024-01-19,190.16738891601562,190.55455307634924,187.44731794521132,187.95360487861367,68741000,46.773166265382095
2024-01-22,192.48043823242188,193.90997199821769,190.86228332421425,190.90200101096366,60133900,52.087159631467635
2024-01-23,193.7610626220703,194.3269260762536,192.42088601370864,193.60223731108647,42355600,67.67964551152555
2024-01-24,193.0860137939453,194.95235131957728,192.9271733347724,193.9993237123997,53631300,69.50884224383822
2024-01-25,192.75839233398438,194.84313150183985,191.70610090276801,193.80076191791213,54822100,75.26769925941976
2024-01-26,191.02110290527344,193.34408744696182,190.54459675135575,192.8576594463704,44594000,72.2308897098344
2024-01-29,190.33615112304688,190.80273551445788,188.20178731814485,190.6141143586287,47145600,64.28897897115422
2024-01-30,186.6729736328125,190.40564874926815,186.10712531543376,189.55190020112778,55859400,55.83268310718653
2024-01-31,183.05943298339844,185.7398164976455,183.00980859435379,185.6802399646441,55467800,46.739493182103246
2024-02-01,185.5015411376953,185.5908832083414,182.48364839562151,182.6524106894615,64885400,52.166505147632584
2024-02-02,184.4989013671875,185.96813772334343,177.9468764270477,178.55244241438749,102518000,49.88332432148468
2024-02-05,186.31556701660156,187.8741604535555,184.48894737475842,186.7821513481828,69668800,56.857381843809655
2024-02-06,187.923828125,187.93374997367698,185.4122219544124,185.50156403608693,43490800,60.96031245960145
2024-02-07,188.03302001953125,189.66109684812312,187.23883287556598,189.2540738540102,53439000,51.601034798245884
2024-02-08,186.95094299316406,188.16205980044833,185.98799356738817,188.0131563419714,40962000,42.80638219308885
2024-02-09,187.71632385253906,188.84947973129314,186.87142040616737,187.5175123353768,45155200,38.5525232252288
2024-02-12,186.02650451660156,187.537383976275,185.66866504371018,187.28888476363343,41781900,31.77339830625489
2024-02-13,183.92916870117188,185.09215835173688,182.4083547485107,184.6547973151463,56529500,29.777339545566974
2024-02-14,183.04452514648438,184.41624573755993,181.34479892181088,184.20751487981576,54630500,29.062308418911698
2024-02-15,182.7562713623047,183.3824942652778,180.26134459364147,182.44813474883824,65434500,30.998680960933996
2024-02-16,181.215576171875,183.7403368438813,180.57941874936438,182.31891336045317,49701400,29.825120395959928
2024-02-20,180.47006225585938,181.33483464555084,178.91942962585208,180.69867728023533,53665600,34.24547533232571
2024-02-21,181.2255096435547,181.7920799507102,179.57547126273693,180.84778599399235,41529700,44.55098735811657
2024-02-22,183.26319885253906,183.84966853541172,181.36467634977905,182.37854224114136,52292200,43.185597832651084
2024-02-23,181.42431640625,183.92917764586625,181.13604881484736,183.89935895257477,45119700,41.09324912345223
2024-02-26,180.07247924804688,181.66286516303873,179.56553112991756,181.1459977034405,40867400,31.413881794783038
2024-02-27,181.53366088867188,182.8159102315647,178.482083088638,180.0128468267154,54318900,30.80794471330107
2024-02-28,180.33091735839844,182.02070906977036,179.0486680197237,181.4143703487687,48953900,28.29354256919413
2024-02-29,179.66493225097656,181.47401381447335,178.45225486971108,180.18181486443112,136682600,28.97304828621202
2024-03-01,178.5814971923828,179.44626969271965,176.31518534052842,178.47215692026748,73488000,24.112716448063708
2024-03-04,174.04885864257812,175.838040881393,172.74670999766127,175.09254322615726,81510100,20.766667982532255
2024-03-05,169.0987548828125,171.00722719097524,168.60175641192043,169.73491231886675,95132400,18.22832627678241
2024-03-06,168.104736328125,170.21201988746688,167.6673753032203,170.03309257401145,68587700,18.14330038862093
2024-03-07,167.9854736328125,169.70508399774383,167.47854068144582,168.13456709874717,71765100,18.27500702983204
2024-03-08,169.705078125,172.6572499858552,167.92583043526673,167.9854678195768,76114600,25.46608940226335
2024-03-11,171.7129669189453,173.33318674250597,171.01717211248007,171.9018287593836,60139500,32.28794325278055
2024-03-12,172.19009399414062,172.98529461802354,169.9834194672809,172.1105724150333,59825400,31.516920673942806
2024-03-13,170.10269165039062,172.1503228051375,169.73490248954016,171.73284593382695,52488700,23.13317114350062
2024-03-14,171.96144104003906,173.26357438070215,171.01714714290978,171.87198497095238,72913500,30.697446553416697
2024-03-15,171.58372497558594,171.58372497558594,169.2677105816515,170.14243263043366,121664700,31.96786935109236
2024-03-18,172.67715454101562,176.6432079045962,172.4783581807999,174.51605499918875,75604200,30.88807462218699
2024-03-19,175.02296447753906,175.54978158656556,171.99127109820583,173.29340452493878,55215200,39.08420296876844
2024-03-20,177.597412109375,177.597412109375,174.0389016316341,174.66512448913912,53423100,46.05760619531081
2024-03-21,170.34124755859375,176.42451903095682,169.81443040365232,175.98715795881162,106181300,37.281352729184256
2024-03-22,171.24578857421875,172.0111704512642,169.0391141931604,170.7289059277682,71106600,45.12785204532507
2024-03-25,169.82437133789062,170.90782428626645,168.43276661931924,169.54605342761408,54288300,51.43757141907048
2024-03-26,168.69122314453125,170.39094937582044,168.5619986920605,168.97947557636294,57388400,51.155561221053844
2024-03-27,172.2696075439453,172.55787515067234,169.08882036385705,169.38702247981306,60273300,57.42849054257494
2024-03-28,170.4505615234375,171.19605909940955,169.4863834451387,170.7189448975998,65672700,51.28819143786169
2024-04-01,169.00929260253906,170.22197004043582,168.46259127116116,170.16233265286536,46240500,45.234750167817
2024-04-02,167.826416015625,168.32341441545842,167.2200773611407,168.06498070773253,49329500,42.49567024593003
2024-04-03,168.63156127929688,169.6553768320082,167.56799252573734,167.7767233727702,47691700,47.35333421910567
2024-04-04,167.80657958984375,170.8879611669358,167.80657958984375,169.26774121531477,53704400,42.23633511382344
2024-04-05,168.56198120117188,169.3671161921521,167.93575835610383,168.57191570910442,42055200,44.432236141811494
2024-04-08,167.4387664794922,168.18426411757292,167.23003563445502,168.01528647300387,37425500,40.358504353941186
2024-04-09,168.6514434814453,169.05898582949538,167.33937552823474,167.68726532493085,42451200,37.76247303760668
2024-04-10,166.77279663085938,168.0749301271986,166.1068205360595,167.78667770328389,49709300,28.638646656388516
2024-04-11,173.9892120361328,174.4067040844594,167.1505236254001,167.3294357885208,91070300,57.21022393123727
2024-04-12,175.49017333984375,177.28930548264634,173.16422400054728,173.2139117167825,101593300,58.19582288819667
2024-04-15,171.6533203125,175.56967037066977,171.46445848220424,174.30729011068368,73531800,53.23032890268749
2024-04-16,168.3632049560547,172.71690119832985,167.25986775641732,170.71897282804144,73711200,49.46166494458883
2024-04-17,166.99147033691406,169.62555591523414,166.99147033691406,168.59180586766368,50901200,40.661251271595525
2024-04-18,166.03721618652344,167.62761710838,165.55016746918514,167.02127846323074,43122900,41.94484687764749
2024-04-19,164.0094757080078,165.40106519259456,163.0950004513954,165.21221853676252,67772100,41.06569874858488
2024-04-22,164.8444366455078,166.2559103754066,163.78086788564391,164.52636553527142,48116400,44.60433482075558
2024-04-23,165.8980712890625,166.0471799196536,163.92996173620628,164.3573882766078,49537800,45.098038142605716
2024-04-24,168.00535583496094,168.2836737462142,165.21222704669103,165.540232667877,48251800,50.34079166633966
2024-04-25,168.87013244628906,169.58581142644354,167.14057238305094,168.51229295621184,50558300,50.526335542231166
2024-04-26,168.28366088867188,170.31140768247312,168.16437095925713,168.86018085141623,44838400,51.47007052069345
2024-04-29,172.45843505859375,174.97324560716834,172.06084242792699,172.32921062839307,68169400,56.0049792986525
2024-04-30,169.30747985839844,173.9395086711804,168.9794590883409,172.28947031289857,65934800,53.8438149504138
2024-05-01,168.28366088867188,171.67319360904702,168.0947990703537,168.56197877866052,50383100,39.34670317303391
2024-05-02,171.9912872314453,172.37894542666191,169.8641344122997,171.47440458209337,94214900,43.964315965636274
2024-05-03,182.27915954589844,185.8774235329829,181.56348055207545,185.52951854505613,163224100,64.99299196713653
2024-05-06,180.61917114257812,183.09421354898845,179.33690673477625,181.2553285088154,78569700,68.12696710408426
2024-05-07,181.3050079345703,183.78999990279186,180.23150475142342,182.34870759466082,77305800,71.60860463144859
2024-05-08,181.6429901123047,181.97101089337855,180.36072568018065,181.75233037266264,45057100,74.00613286113182
2024-05-09,183.46202087402344,183.55147695770702,181.0167817496789,181.46407733528633,48983000,80.11694856474364
2024-05-10,182.19793701171875,184.22843448265328,181.28222127480615,184.0393164696827,50759500,76.51483323999852
2024-05-13,185.41287231445312,186.22906253508128,183.76059590764,184.57678612826817,72044800,77.96983884541162
2024-05-14,186.55751037597656,187.4234708736874,185.42281765723527,186.63713980034996,52393600,77.34467632617297
2024-05-15,188.8368682861328,189.76253191302303,186.49780129168897,187.03529613574696,70400000,78.25158579713025
2024-05-16,188.95631408691406,190.21045865928463,188.7771592552961,189.58338637309936,52845200,79.64216810056436
2024-05-17,188.98617553710938,189.9218023921439,188.29938496531759,188.62785068172937,41282900,76.89586228199731
2024-05-20,190.15072631835938,191.02663488992152,188.1301769262196,188.44869465688268,44361300,86.26296231206605
2024-05-21,191.4546356201172,191.83285642957057,190.03128423275254,190.20049107683238,42309400,89.9236353827459
2024-05-22,190.01136779785156,191.92244369758092,189.38431073139583,191.37500087150013,34648500,83.67640013687692
2024-05-23,186.01010131835938,190.11091836221462,185.76126503778056,190.09100720719516,51005900,59.11401586848377
2024-05-24,189.0956573486328,189.6928704821682,187.16468542966413,187.94106857836448,36294600,69.3582571278628
2024-05-28,189.10560607910156,192.1015891258543,188.219749617586,190.61851957640835,52280100,68.38217315387205
2024-05-29,189.4042205810547,191.35510374397245,188.6278525845266,188.7273931739324,53068000,68.32340023286108
2024-05-30,190.39956665039062,191.2854232244703,189.7426503955058,189.8720349370489,49947900,67.04156237279521
