Date,Close,High,Low,Open,Volume,%K,%D
2022-01-03,178.6456756591797,179.4996045429641,174.42516992990628,174.54294702694892,104487900,,
2022-01-04,176.37835693359375,179.55847298837972,175.80907606705392,179.25420553725706,99310400,,
2022-01-05,171.68670654296875,176.83966343060843,171.41188337376713,176.29001709220518,94537600,,
2022-01-06,168.82070922851562,172.05971420324832,168.46736295896767,169.50776725909728,96904000,,
2022-01-07,168.9875030517578,170.92108956994355,167.8685761052164,169.69419533133515,86709100,,
2022-01-10,169.00714111328125,169.31140849458785,165.06144496531243,165.95462758425137,106765600,,
2022-01-11,171.84375,171.9418925722171,167.66249900972133,169.13477238363146,76138300,,
2022-01-12,172.28541564941406,173.90491024436494,171.58854802680634,172.8645062038037,74805200,,
2022-01-13,169.00714111328125,173.355247197671,168.61452596261412,172.530777846375,84505800,,
2022-01-14,169.8708953857422,170.56776300627916,167.9274839054903,168.1728627813742,80440800,,
2022-01-18,166.6613311767578,169.35067400164021,166.27854073936825,168.33971425733603,90956700,,
2022-01-19,163.15736389160156,167.91772141458915,162.87273090521055,166.85768257513803,94815000,,
2022-01-20,161.46913146972656,166.54356549753263,161.14522951347425,163.8934762825247,91420500,,
2022-01-21,159.40794372558594,163.25548287606637,159.2999764162496,161.38078458519854,122848900,0.5329482814873704,
2022-01-24,158.63253784179688,159.29997620135896,151.84045205683918,157.06212195335075,162294600,24.504223449910626,
2022-01-25,156.82656860351562,159.75148103294072,154.11759081418975,156.04135309194953,115798400,19.945095355720667,14.994089029039555
2022-01-26,156.73825073242188,161.3513717096446,154.9028210933392,160.4778233011423,108275300,22.19768386767677,22.215667557769354
2022-01-27,156.2769012451172,160.8114981245685,155.35427426622283,159.44719215998208,121954600,20.106766957849757,20.749848727082398
2022-01-28,167.18153381347656,167.20116831659928,159.79072343360525,162.64693708008207,179935700,69.52847709313129,37.2776426395526
2022-01-31,171.54930114746094,171.76523578487254,166.37670956776643,167.0147037152971,115541600,89.32396582375289,59.653069958244636
2022-02-01,171.38243103027344,171.60817541361024,169.12494226668923,170.79351570873365,86213900,88.56768114289069,82.47337468659163
2022-02-02,172.5896759033203,172.62894490892336,170.12607747590963,171.5198276400682,84914300,96.44165194537344,91.44443297067234
2022-02-03,169.7040252685547,172.9822984461671,168.93844437078735,171.25482156772748,89418100,84.49391260705006,89.8344152317714
2022-02-04,169.41908264160156,171.0996196205451,167.73854566265803,168.72131196720835,82465400,83.1461465619001,88.02723703810786
2022-02-07,168.70162963867188,170.95215737367448,168.00385912062177,169.88094594072888,77251200,79.75262553389827,82.4642282342828
2022-02-08,171.81700134277344,172.32804392038554,168.4755875609354,168.7704203940124,74829200,94.48819614931129,85.79565608170321
2022-02-09,173.2419891357422,173.60560775677658,171.885767258212,173.01595715476017,71285000,98.32935437702642,90.856725353412
2022-02-10,169.1536865234375,172.45578102776864,168.59351767675065,171.13887812913805,90865900,79.5456495018233,90.78773334272034
2022-02-11,165.733642578125,170.09712562089828,165.14397703338676,169.36005118788435,98670700,59.606125128878,79.16037633590923
2022-02-14,165.96954345703125,166.65747672658372,163.68951891129095,164.48555705147456,86185500,59.17151578981918,66.10776347350684
2022-02-15,169.81216430664062,169.96941049690344,167.3159447684623,168.02353762882288,62527400,79.21552717175813,65.99772269681843
2022-02-16,169.5762939453125,170.35267256794222,167.11937868964532,168.8883606728898,61177400,70.83353202816312,69.74019166324682
2022-02-17,165.96954345703125,168.94732353481027,165.56660575778602,168.0824845697611,69589300,22.993183918257255,57.6807477060595
2022-02-18,164.41676330566406,167.6009157130797,163.32589238939244,166.893337952625,82772700,10.611878610304538,34.81286485224164
2022-02-22,161.48812866210938,163.81727946148703,159.35551308277192,162.1367428748668,91162800,14.965623935311948,16.190228821291253
2022-02-23,157.3113555908203,163.28655947595425,156.99686328327715,162.6870716360414,90009200,1.8935345055429056,9.157012350386468
2022-02-24,159.9353485107422,160.04345337346268,149.3804359903009,149.9504420850254,141147500,43.5700213900974,20.14305994365076
2022-02-25,162.00900268554688,162.27433874391238,158.097582687372,161.0163992959612,91974200,52.12993665011773,32.53116418191935
2022-02-28,162.2743377685547,162.569170605232,159.63069449285575,160.249841950296,95056600,53.225223344328086,49.64172712818108
2022-03-01,160.38742065429688,163.72883431123614,159.17862257926774,161.86156976875884,83474400,45.43614703788453,50.26376901077679
2022-03-02,163.68948364257812,164.4756993508766,160.1416981927737,161.55688346854748,79724800,62.01011351745094,53.55716129988786
2022-03-03,163.365234375,165.99905580080062,162.69696050321116,165.56663623866746,76678400,66.6824367202133,58.0428990918496
2022-03-04,160.35792541503906,162.69691327903544,159.30637359945834,161.65518372489828,83737200,52.34296010393741,60.345170113867226
2022-03-07,156.5546417236328,162.17606497919274,156.29911294194886,160.54466966467405,96418800,34.20810988266457,51.07783556893843
2022-03-08,154.7266845703125,160.0729341178279,153.1149488975309,156.08290647641851,131148300,25.492028760114614,37.34769958223887
2022-03-09,160.14170837402344,160.59378730867732,156.662723513079,158.6970412294756,91454900,54.99736408891584,38.232500910565015
2022-03-10,155.78805541992188,157.62582286314418,153.291821624197,157.43909494191072,105342000,35.16712801809673,38.55217362237573
2022-03-11,152.0634002685547,156.5349891936971,151.83736825574178,156.19101504721644,96970100,16.144326718147088,35.43627294171989
2022-03-14,148.0242156982422,151.4638968278343,147.51318815597864,148.83991330847238,108732100,2.7644228125082924,18.02529251625071
2022-03-15,152.41717529296875,152.88891376980982,147.78835583208624,148.29938335493543,92964300,26.5283038438488,15.145684458168065
2022-03-16,156.83963012695312,157.24256780595263,151.79805049383225,154.34341096119434,102300200,50.451740487208816,26.58148904785531
2022-03-17,157.8518829345703,158.22533884354678,154.9134219533723,155.8765285127207,75615400,55.92756032464408,44.302534885233904
2022-03-18,161.15399169921875,161.64537478221072,157.00671727910074,157.7437919035887,123511700,73.79044254415072,60.05658111866787
2022-03-21,162.5298614501953,163.48314576119236,160.20069560988745,160.6920786569655,95811400,81.23326198553059,70.31708828477512
2022-03-22,165.9105987548828,166.500249483335,162.0679792751401,162.65763000359232,81532000,96.89446029437617,83.97272160801917
2022-03-23,167.276611328125,169.66472556538113,164.76071771343146,165.0948695579846,98062700,89.2191941664398,89.11563881544886
2022-03-24,171.07009887695312,171.1388847047802,167.27662120536306,168.11196337652208,90131400,99.708851640903,95.274168700573
2022-03-25,171.70889282226562,172.25923943454524,169.77284242104022,170.8833729038462,80546200,97.77602250118876,95.56802276951053
2022-03-28,172.57374572753906,172.70149513268552,169.03578151152723,169.20284996119702,90371900,99.49282258126917,98.99256557445364
2022-03-29,175.87583923339844,175.92496554492044,173.3009816876461,173.6449558432296,100589400,99.82709173435548,99.0319789389378
2022-03-30,174.7063446044922,176.51463074136956,173.65477761444038,175.47290101025155,92633200,93.76484072627383,97.69491834729949
2022-03-31,171.60076904296875,174.96182690829795,171.39438158819624,174.77509897203208,103049300,83.05649215920005,92.21614153994312
2022-04-01,171.30592346191406,171.86610722889807,168.97677305266367,171.03075020663627,78751300,81.86779422008446,86.2297090351861
2022-04-04,175.36476135253906,175.41390264999723,171.43369748898363,171.56146186321112,76468400,95.34778121684101,86.75735586537517
2022-04-05,172.04302978515625,175.22719732393347,171.41406008567415,174.4409814506257,73401800,79.29930218211695,85.50495920634746
2022-04-06,168.8686981201172,170.6376800716011,167.19799877542366,169.3895629453013,89058800,60.80599477724395,78.4843593920673
2022-04-07,169.17335510253906,170.37233093887772,166.9228273416991,168.21024852764788,77594700,54.999970395471685,65.03508911827753
2022-04-08,167.1586456298828,168.81952237336554,166.28398459285444,168.81952237336554,76575500,35.23769066238414,50.34788527836659
2022-04-11,162.89346313476562,166.1169343880837,162.64777163682479,165.80245706854532,72246700,1.7717890986598095,30.669816718838547
2022-04-12,164.7705535888672,166.94245808323757,163.7681280552551,165.12434995391737,79265200,15.308311247978818,17.439263669674258
2022-04-13,167.4633331298828,168.09230281785548,163.89590247589382,164.5052126435429,70618900,34.72712498737193,17.26907511133685
2022-04-14,162.44140625,168.3183584761883,162.19571471867903,167.67955149726123,75329400,1.7158528685525907,17.250429701301112
2022-04-18,162.22518920898438,163.7288199744053,160.75104022360551,161.09499932270256,69023900,9.351606689590403,15.264861515171638
2022-04-19,164.5150604248047,164.9278354365271,161.08521588941466,162.17608700137228,67723800,23.87793692659985,11.648465494914282
2022-04-20,164.34799194335938,165.9695652154126,163.2374763040021,165.85162307101254,67929800,24.531033676478483,19.253525764222914
2022-04-21,163.55194091796875,168.57387654535995,163.05073557985884,165.99903403048015,87227800,19.102004867220806,22.503658490099713
2022-04-22,159.001708984375,164.97692823082195,158.71671343457257,163.59123952892807,84882400,1.706847458727701,15.11329533414233
2022-04-25,160.0729217529297,160.35791727852174,155.7290980800687,158.34324409421413,96046400,22.27819039452171,14.362347573490075
2022-04-26,154.09771728515625,159.54223452082468,154.01909420285892,159.45378917667253,95623200,0.47310332490569146,8.1527137260517
2022-04-27,153.87168884277344,157.0361817522216,152.70219483485,153.22305964573388,88063200,6.618477645211077,9.789923788212826
2022-04-28,160.81982421875,161.68466307901278,156.19098985906734,156.50548217036973,130216800,50.3658523070982,19.152477759071658
2022-04-29,154.93307495117188,163.33572839193604,154.53997449609216,159.05086744995398,131747600,14.055726148065538,23.680018700124936
2022-05-02,155.23773193359375,155.5030679702358,150.6285567574635,154.009274370481,123055300,25.684553023340285,30.03537715950134
2022-05-03,156.73150634765625,157.94031923877728,153.62597740508184,155.4244258610072,88966500,34.00858642992245,24.582955200442758
2022-05-04,163.1588592529297,163.610923336445,156.51534971483846,156.91828748184096,108256500,69.8249050090346,43.17268148743244
2022-05-05,154.0682373046875,161.2522547050873,152.2795959021098,161.0262227132276,130525300,19.167563397471156,41.00035161214274
2022-05-06,154.79653930664062,156.92243639704813,151.74548246293438,153.54658846859752,116124600,23.226014350484224,37.40616091899666
2022-05-09,149.65899658203125,153.36947314118723,149.0980045924118,152.48367497430928,131577900,2.8804460769446196,15.091341274966666
2022-05-10,152.0702667236328,154.26506562042874,150.5152132745714,153.06432833720223,115366700,15.261253197811717,13.789237875080188
2022-05-11,144.18678283691406,152.99546042303857,143.5076754500473,151.07625368918983,142689800,3.16316265778427,7.101620644180202
2022-05-12,140.3089599609375,143.89148337119573,136.60833616921673,140.5156506463481,182602000,13.704700845154713,10.7097055669169
2022-05-13,144.78713989257812,145.7615132406745,140.85029972421802,142.3069263815123,113990900,30.28896332306858,15.718942275335854
2022-05-16,143.24192810058594,145.19067486728656,141.90340179419994,143.25177981278947,86643800,24.56650501778613,22.853389728669807
2022-05-17,146.88351440429688,147.40514453340242,144.36392404181558,146.50950977669152,78336300,38.05256944990303,30.969345930252576
2022-05-18,138.59646606445312,145.0331931657119,137.69097960525806,144.5312514480339,109742900,7.362738551398117,23.327271006362423
2022-05-19,135.18125915527344,139.4232021551722,134.4431016025898,137.67130943156462,136095600,2.530725672348933,15.982011224550028
2022-05-20,135.41744995117188,138.47834364409812,130.51608836864122,136.89376494741566,137426100,14.810049928633665,8.234504717460238
2022-05-23,140.8502960205078,140.99792151579808,135.47650272414663,135.61429152570187,117726300,31.226043767615685,16.18893978953276
2022-05-24,138.14370727539062,139.72828587372672,135.16155236949282,138.58659874320531,104132700,24.816429034302793,23.617507576850713
2022-05-25,138.3012237548828,139.5511599163244,136.15563767475544,136.24421298990842,92482700,29.48206006323423,28.508177621717568
2022-05-26,141.50973510742188,142.0608903922334,134.97458026863987,135.22063280777752,90601500,46.29103233467956,33.52984047740552
2022-05-27,147.27720642089844,147.31656821908913,142.96636115304457,143.09431327841077,90978500,70.5761678684317,48.783086755448494
2022-05-31,146.4897918701172,148.28106102280944,144.52137215129963,146.71617095063365,103718400,71.05938485657673,62.642195019895986
2022-06-01,146.36187744140625,149.3440325752995,145.34812731297455,147.5330747402819,74286600,84.16101566288553,75.26552279596466
2022-06-02,148.82240295410156,148.8814531521364,144.5410833823405,145.49576829817823,72348100,97.22949242109249,84.14996431351825
2022-06-03,143.08447265625,145.63357327354205,142.17900114416437,144.58046123211946,88570300,66.75388534008994,82.71479780802265
2022-06-06,143.83245849609375,146.2240967666152,142.61203260738884,144.70840485443364,71598400,70.72662836308675,78.23666870808972
2022-06-07,146.36187744140625,146.64729173693155,141.82466868695218,142.07072118986648,67808200,84.16101566288553,73.8805097886874
2022-06-08,145.62371826171875,147.50354794884595,145.13161326153673,146.23392365623158,53950200,80.2404645310925,78.37603618568825
2022-06-09,140.38771057128906,145.61386314826538,140.2794468730643,144.75760527366657,69473000,52.430696066949544,72.27739208697587
2022-06-10,134.96475219726562,138.5374250816839,134.89585027333402,138.06500838135332,91437900,0.47688991245792983,44.38268350349998
2022-06-13,129.79762268066406,133.0651921487905,129.3645678675484,130.77198099232118,122207100,2.1674995774419084,18.358361852283128
2022-06-14,130.66372680664062,131.77588901971137,129.40393908646058,131.0278947539339,84784300,6.502471202785576,3.0489535642284715
2022-06-15,133.29153442382812,135.17137886483886,130.0731789874158,132.16953578167917,91533000,19.655013854081098,9.441661544769529
2022-06-16,128.00634765625,130.29955871287268,127.00244927117835,129.99445602178534,108123900,4.493407523568261,10.216964193478313
2022-06-17,129.482666015625,130.97866943008026,127.76029850473763,128.01620271778103,134520300,11.101347253169592,11.749922876939651
2022-06-21,133.724609375,134.8958216908251,131.21488586149243,131.31329785187046,81000500,30.088109747269666,15.227621508002509
2022-06-22,133.2128143310547,135.5847487472672,131.79554968965817,132.66164417884966,73409200,28.385044829583872,23.19150061000771
2022-06-23,136.08673095703125,136.40167037101077,133.48841696582116,134.65962935518908,72433800,44.311194383687614,34.26144965351372
2022-06-24,139.42324829101562,139.66930088999686,137.5630912434318,137.69102838275805,89116800,60.58601646246202,44.427418558577834
2022-06-27,139.42324829101562,141.22435511770135,138.74414071497,140.4468204949197,70207900,60.58601646246202,55.16107576953721
2022-06-28,135.26983642578125,141.15540852649434,135.1517360213465,139.88578412525837,67083400,40.326556564545434,53.832863163156496
2022-06-29,137.0315704345703,138.44883540642064,134.51199493699397,135.2895293397043,66242400,53.88693857235135,51.599837199786265
2022-06-30,134.5612030029297,136.1851436237319,131.65778627775248,135.08283314259847,98964500,53.14866947737048,49.12072153808909
2022-07-01,136.73629760742188,136.84456131567046,133.51794149629842,133.89193111018585,71051600,68.44264363220543,58.49275056064243
2022-07-05,139.3247833251953,139.37399683516924,134.767885626568,135.59463354770725,73353800,86.64333871278969,69.4115506074552
2022-07-06,140.66329956054688,141.84434862551257,138.85235665974255,139.11809758016227,74064300,92.04246682470061,82.3761497232319
2022-07-07,144.03916931152344,144.23600834868253,141.01763677774284,141.02747347335122,66253700,98.85781551985951,92.51454035244994
2022-07-08,144.7182159423828,145.22017259883353,142.71043437013336,142.966323535681,64547800,97.12508432909918,96.00845555788645
2022-07-11,142.58250427246094,144.3245602553875,141.50971892875648,143.36987531125314,63141600,81.16662389110533,92.38317458002136
2022-07-12,143.556884765625,146.10598530220875,142.75967699315206,143.45845774918337,77588800,82.35696689761178,86.88289170593877
2022-07-13,143.19273376464844,144.13756705664937,139.87593549444708,140.732208499025,71185600,79.83657663748201,81.12005580873304
2022-07-14,146.12567138671875,146.5980880188513,140.9880935814835,141.80498974783282,78140700,96.8379712784983,86.34383827119736
2022-07-15,147.79879760742188,148.47790483542687,145.85990291969932,147.4149563504431,76259900,95.96253007565667,90.87902599721234
2022-07-18,144.74777221679688,149.17671722622794,144.38360430388153,148.3598211223461,81420900,74.71909089397673,89.17319741604389
2022-07-19,148.61569213867188,148.84205620646762,144.5902773267497,145.58432390085355,82982400,96.79760660507151,89.15974252490163
2022-07-20,150.62350463867188,151.29277530503674,147.99566551668846,148.73382307964516,64823400,96.59143855168513,89.36937868357779
2022-07-21,152.8970184326172,153.11354581836207,149.54085897142338,152.06043398607093,65086600,98.89502062714604,97.42802192796756
2022-07-22,151.6569061279297,153.81232830048907,150.98765057695607,152.93638205415488,66675400,88.68214623307955,94.72286847063691
2022-07-25,150.53492736816406,152.59192281243702,149.8755084226827,151.5781876406526,53623900,78.09219822717883,88.5564550291348
2022-07-26,149.2062530517578,150.67271644888328,148.4188819899041,149.85582028627226,55138700,66.94930092143832,77.90788179389891
2022-07-27,154.3142852783203,154.84576710893515,149.75740301368916,150.17076942758217,78620700,96.44964723517357,80.4970487945969
2022-07-28,154.86544799804688,155.1508622874104,151.97186822338708,154.50128008945563,81378700,98.13148505893324,87.17681107184838
2022-07-29,159.9439697265625,161.04629519406532,156.98150288420325,158.69403377664,101786900,94.79307161926634,96.45806797112438
2022-08-01,158.9597625732422,161.00692131549803,158.34955713719083,158.4676575395611,67829400,90.14408517177552,94.3562139499917
2022-08-02,157.4834442138672,159.84555733737668,157.10945460814798,157.57203453166576,59907000,82.23743559361134,89.05819746155107
2022-08-03,163.50682067871094,163.95954889245084,158.21176579536746,158.30034109572696,82507500,97.68732378817492,90.0229481845206
2022-08-04,163.19189453125,164.5501094435261,161.8336796189739,163.38873357210807,55474100,93.26499607705429,91.06325181961353
2022-08-05,162.9651641845703,163.45795268825668,160.64905220175967,160.85602999034109,56697000,92.05932570132371,94.33721518885098
2022-08-08,162.4921112060547,165.3897106347166,161.8317762742878,163.97047703384425,60276900,83.34142858087284,89.55525011975028
2022-08-09,162.54139709472656,163.42842563656737,160.8954849037263,161.654383591601,63135500,83.2164144744889,86.20572291889516
2022-08-10,166.799072265625,166.89762095148,164.49281044366623,165.26155937141485,70170500,99.46669149848414,88.67484485128197
2022-08-11,166.0598907470703,168.52383349342222,165.76421460976547,167.6072389716485,57149200,87.74459741461827,90.14256779586378
2022-08-12,169.61781311035156,169.68679568241564,166.9567430947443,167.37069868197673,68039400,99.6756495580083,95.62897949037024
2022-08-15,170.69210815429688,170.88922057556053,168.8786498167292,169.04619612673898,54091700,99.06722447945363,95.49582381736008
2022-08-16,170.534423828125,171.2046241525694,169.18418785976604,170.28802952506885,56377100,96.51531830949148,98.41939744898447
2022-08-17,172.03248596191406,173.60940030005358,170.0810475130616,170.27815992548992,79542000,90.51645377222292,95.36633218705602
2022-08-18,171.63824462890625,172.37742744821887,170.62310142681395,171.2440198074247,62290100,88.05356267254673,91.69511158475372
2022-08-19,169.0461883544922,171.23417071896347,168.83921054651765,170.53440436112984,70346300,72.34407900021166,83.63803181499378
2022-08-22,165.15316772460938,167.41013274664442,164.72936173644348,167.24258643834608,69026800,45.08096309942524,68.49286825739456
2022-08-23,164.8180694580078,166.2767345287208,164.24643288251994,164.67023889482752,54147100,32.16747902625352,49.86417370863015
2022-08-24,165.11373901367188,165.68537556627746,163.85220146265053,164.90677623350408,53841500,34.44881864322711,37.232420256301964
2022-08-25,167.5776824951172,167.68609658373745,165.92192009296824,166.34571105112042,51218200,52.55814108469844,39.72481291805969
2022-08-26,161.26014709472656,168.58299398508154,161.20101486509154,168.1099211092857,78961000,2.8682131320899384,29.958390953338498
2022-08-29,159.05245971679688,160.55052629290446,157.5149616294303,158.82576612384563,73314000,9.552977390711511,21.659777202499967
2022-08-30,156.61807250976562,160.21542318351743,155.44523326516241,159.79163221679283,77906200,6.456884273032329,6.292691598611264
2022-08-31,154.95242309570312,158.26396254446672,154.87357512802876,157.99785253340468,87991100,0.42084064593052645,5.4769007698914605
2022-09-01,155.68177795410156,156.13513503517575,152.43922061054926,154.3808088580502,74229900,15.316626458111218,7.398117125691361
2022-09-02,153.56277465820312,158.04715373707748,152.7348934543625,157.44595106884975,76957800,5.307248517172012,7.014905207071256
2022-09-06,152.3012237548828,154.82429865337028,151.47334262357523,154.21324568103077,73714800,3.739966453860842,8.121280476381363
2022-09-07,153.71060180664062,154.41035308350388,151.39448974668554,152.587044582361,87449600,11.038073376092797,6.695096115708555
2022-09-08,152.23223876953125,154.10482916146404,150.47789777328236,152.4096354211257,84923800,8.452100243815316,7.743380024589656
2022-09-09,155.1002655029297,155.54378723487187,152.51805827855026,153.2276750032018,68028800,25.530754852519937,15.006976157476023
2022-09-12,161.07286071777344,161.8908915280311,157.0024374583422,157.28824820471496,104956000,58.51923027940765,30.834028458580974
2022-09-13,151.62118530273438,158.2245492067868,151.15796283866058,157.59378043168627,122656600,6.314727721286144,30.12157095107125
2022-09-14,153.0699920654297,154.83418366980385,151.3945138382118,152.557487712131,87965400,14.316931883841866,26.38362996151189
2022-09-15,150.17237854003906,153.0009950551444,149.19666683175186,152.41949313430064,90481100,5.032988975013889,8.554882860047305
2022-09-16,148.52647399902344,149.167108171916,146.23007742711988,149.0291279719984,162278800,14.663328209546547,11.337749689467438
2022-09-19,152.25196838378906,152.3308163679246,146.94957303943247,147.15653583891242,81474200,38.45196627625383,19.382761153604758
2022-09-20,154.63702392578125,155.80001259569255,150.8721276389919,151.1875044560908,107689800,53.68141428977322,35.598902925191204
2022-09-21,151.50291442871094,156.4505157277147,151.38464998799563,155.07069875161233,101696800,33.66898404907483,41.9341215383673
2022-09-22,150.5370635986328,152.24210790592508,148.73345555804372,150.18225521296424,86652500,27.501674841171468,38.28402439333984
2022-09-23,148.26034545898438,149.28535399224103,146.41732122459265,149.00939362683624,96029900,12.964000586319232,24.711553158855182
2022-09-26,148.59547424316406,151.55220575538115,147.48176722784044,147.50148298209515,93339400,15.1039198907709,18.523198439420536
2022-09-27,149.5711669921875,152.48848166353116,147.78727494625255,150.5370433245279,84442700,21.33407333449684,16.467331270528998
2022-09-28,147.67886352539062,148.46732818361193,142.75097820989805,145.5105969943164,146691400,25.74664385143231,20.728212358900024
2022-09-29,140.42501831054688,144.60387054853373,138.65097655674526,143.99281757061257,128138200,7.63359829841691,18.23810516144869
2022-09-30,136.20677185058594,141.03610936010895,136.00965940990883,139.2423515609022,124925300,0.8872987553816462,11.42251363507696
2022-10-03,140.3954620361328,141.00653009557303,135.70412021518845,136.2166245441246,114311700,22.61280432117388,10.37790045832415
2022-10-04,143.99282836914062,144.11109281535886,142.17935497441533,142.93825359464822,87830100,39.95252162693813,21.150874901164556
2022-10-05,144.2884979248047,145.2543744211321,140.94739177527688,141.99211625326663,79471000,41.37768271328464,34.64766955379889
2022-10-06,143.3324737548828,145.41204208560697,143.12551098076761,143.7069978739473,68402200,36.76953683394552,39.36658039138944
2022-10-07,138.0695037841797,141.03610072606975,137.4387349893986,140.4841648717613,85925600,11.401419430006838,29.849546325745674
2022-10-10,138.39471435546875,139.8435136838709,136.5714060101138,138.39471435546875,74899000,12.968971591502587,20.379975951818324
2022-10-11,136.97552490234375,139.31135326076313,136.22649159037823,137.88225418694904,77033700,7.574936294528116,10.648442438679188
2022-10-12,136.34474182128906,138.33561191162715,136.16734514961954,137.123356205743,70433700,3.8167767541961766,8.120228213408966
2022-10-13,140.9276580810547,141.51899524707383,132.4319742692316,133.0430422244427,113224000,42.35873995807326,17.916817668932524
2022-10-14,136.38417053222656,142.43561361849277,136.19690846794037,142.22863580040965,88598000,19.705306538656124,21.960274416975192
2022-10-17,140.3560333251953,140.83895646188824,138.24689900930798,139.03536366842837,85250900,49.41617814158442,37.160074879437936
2022-10-18,141.67672729492188,144.58417712557898,138.5820153837327,143.39163709489873,99136600,71.2226866336345,46.78139043795835
2022-10-19,141.78512573242188,142.85940118883795,139.45916311704835,139.6464251768979,61758300,72.05780120340005,64.232221992873
2022-10-20,141.32191467285156,143.78585768272674,140.59258212799125,140.95725591977873,64522000,68.48916761748045,70.58988515150502
2022-10-21,145.14598083496094,145.7176175037476,140.59260324254777,140.80943146307777,86548600,95.69733539659153,78.74810140582402
2022-10-24,147.2945098876953,148.0632589024532,143.89427154723307,145.0671108242576,75981900,95.08198441269468,86.42282914225557
2022-10-25,150.14285278320312,150.29069841178247,147.2058364344428,147.92530370296737,74732300,99.172137788796,96.65048586602741
2022-10-26,147.19595336914062,149.7978764436125,145.9048346701109,148.78273318220164,88194300,82.67096228185645,92.30836149444906
2022-10-27,142.71156311035156,146.90026566861184,142.05122827640076,145.9344043483702,109180200,57.56060040497195,79.80123349187481
2022-10-28,153.4938201904297,155.2284308931388,145.68804947016358,146.06255863265773,164762400,92.3908757780804,77.54081282163628
2022-10-31,151.1283721923828,152.01540050751984,149.72885466979213,150.95097555258226,97943200,82.01449125011752,77.32198914438997
2022-11-01,148.4771728515625,153.2079455809234,146.97910660092256,152.84328689393647,80379300,70.38461655266154,81.59666119361982
2022-11-02,142.93821716308594,149.97523565506677,142.90865105906707,146.80167682155482,93604600,35.42180464879585,62.606970817191645
2022-11-03,136.87698364257812,140.74044495007456,136.74885377800044,140.0111123159873,97918500,0.6933592894435007,35.4999268303003
2022-11-04,136.61041259765625,140.8455457973991,132.6615642734104,140.27296098274414,140814800,17.498434278836456,17.871199405691943
2022-11-07,137.1435089111328,137.37056348588825,133.93506945075268,135.35665734492238,83374600,19.860730837147827,12.68417480180927
2022-11-08,137.71607971191406,139.62139172038218,135.73178893253106,138.61444628445304,89908500,22.397949718393384,19.9190382781259
2022-11-09,133.14527893066406,136.77822695953947,132.86886077303504,136.72886334632145,74917800,2.1434728418645315,14.800717799135256
2022-11-10,144.99180603027344,144.99180603027344,137.71605919292463,139.4338133111511,118854000,54.638696477621295,26.393373012626412
2022-11-11,147.78564453125,148.09167786414133,142.5238023668343,143.955271925704,93979700,67.01896418627223,41.267044501919365
2022-11-14,146.38380432128906,148.35822845841318,145.544668037547,147.0649830587826,73374100,60.80702420548898,60.82156162312751
2022-11-15,148.12130737304688,151.6259135896167,146.66023757913166,150.2734377369584,89868300,68.50637866632871,65.44412235269665
2022-11-16,146.88729858398438,147.95348958195228,145.40648026408388,147.22296218487898,64218300,63.038145925573716,64.11718293246382
2022-11-17,148.79257202148438,149.54284760852295,144.28100661264514,144.55742472700976,80389400,78.51021309614025,70.01824589601424
2022-11-18,149.3553009033203,150.74727347635653,148.05218886107582,150.36226138845927,74829600,81.2490354386915,74.2657981534685
2022-11-21,146.11724853515625,148.44706955079,145.83096367172806,148.23976345815655,58724100,70.95252274354114,76.90392375945764
2022-11-22,148.259521484375,148.4964578361229,145.05108182314493,146.23574851822164,51804100,82.2488393927395,78.15013252499072
2022-11-23,149.1381378173828,149.88841358362208,147.4302500541231,147.53884398667913,58301400,86.88182900054522,80.02773037894197
2022-11-25,146.21600341796875,146.97616104993173,145.23865789115922,146.4134428504666,35195900,71.15799467779152,80.09622102369208
2022-11-28,142.375732421875,144.7647839323927,141.54647786060335,143.2839657599813,69246000,50.68425056859507,69.57469141564395
2022-11-29,139.36474609375,142.95819794116494,138.55523991340186,142.44484337334484,83763800,34.63169499087007,52.15798007908557
2022-11-30,146.13702392578125,146.81820276871952,138.75268072768486,139.59180207766,111380900,60.539560607185315,48.61850205555016
2022-12-01,146.41342163085938,147.22294276953917,144.73516410236186,146.3147094607483,71250400,60.120709246665136,51.76398828157352
2022-12-02,145.91981506347656,146.10738776877085,143.7874333564375,144.09348175456344,65447400,56.344266045569505,59.00151196647332
2022-12-05,144.75491333007812,148.99004656094093,143.90591033158032,145.8803345082114,68826400,47.431934804998086,54.63230336574426
2022-12-06,141.08245849609375,145.41631820372012,140.10511327657744,145.1892636809204,64727200,20.7284418111414,41.501547553903
2022-12-07,139.13771057128906,141.5366293435075,138.20972855508992,140.37172600481665,69721100,7.40162465639556,25.18733375751169
2022-12-08,140.82577514648438,141.68465976495335,139.295608712893,140.5394903161004,62128300,20.86570064412711,16.3319223705547
2022-12-09,140.34207153320312,143.70846830830249,139.0981746838461,140.51976247530513,76097000,18.258416704480688,15.508580668334462
2022-12-12,142.64227294921875,142.65213964669184,139.25612782207975,140.87515496362036,70462700,37.95413938555318,25.692752244720335
2022-12-13,143.6097412109375,148.05219553159674,142.39547458111565,147.5882046530128,93886200,46.23819070944051,34.15024893315813
2022-12-14,141.37864685058594,144.78452547159364,139.35485909896488,143.49128007302596,82291200,29.39540645995867,37.862578851650795
2022-12-15,134.75442504882812,139.98665115869375,134.29043424832926,139.30547253397592,98931900,3.156483250247203,26.26336013988214
2022-12-16,132.7898712158203,135.88971607194347,132.01984711589319,134.9420010552602,160156900,4.5375076611243745,12.363132457110092
2022-12-19,130.67726135253906,133.47107341378072,129.64070069453433,133.38222793972224,79592600,5.35708372345733,4.350358211609645
2022-12-20,130.60813903808594,131.5459873422408,128.2289547136537,129.70977258242192,77432800,11.459822739251118,7.118138041277618
2022-12-21,133.71788024902344,135.06048935091275,131.05241050570748,131.27946507821224,85928000,26.43852055443293,14.418475672380467
2022-12-22,130.53904724121094,132.8392531621343,128.63373518479884,132.63194706396897,77852100,11.127028118509493,16.341790470731187
2022-12-23,130.17379760742188,130.72663401357696,127.98218538040545,129.24581575552057,63814900,10.9198361660337,16.161794946325383
2022-12-27,128.3671875,129.72954501138923,127.07394206581392,129.6999298536339,69007800,6.164695437088991,9.40385324054407
2022-12-28,124.42820739746094,129.3543934066322,124.26038315698912,128.01178441919723,85438400,0.7053865331038449,5.929972712075521
2022-12-29,127.95256805419922,128.81143780896,126.09661191364768,126.3532816511138,75703700,15.518720638326277,7.462934202839712
2022-12-30,128.26844787597656,128.28819633379305,125.80042540883515,126.76789648243701,77034200,16.84640352689207,11.023503566107408
2023-01-03,123.47061920166016,129.22606012096526,122.58212678977998,128.61399342864948,112117500,3.4883785390867525,11.951167568101708
2023-01-04,124.74412536621094,127.01471627825023,123.48049504473303,125.26734659008874,89113600,9.737680182285384,10.024154082754746
2023-01-05,123.42125701904297,126.1360903730334,123.16458728849297,125.50427521319664,80962700,4.821333875470694,6.015797532280952
2023-01-06,127.9624252319336,128.6238555191488,123.29291630250204,124.39859654565812,87754700,40.43030129705739,18.32977178493783
2023-01-09,128.48562622070312,131.70394674213998,128.22895654270584,128.8015412677692,70790800,47.30988863323455,30.853841268587555
2023-01-10,129.0582275390625,129.58144872233615,126.48160347682453,128.5942366688145,63896200,51.898642290247984,46.54627740684665
2023-01-11,131.78292846679688,131.80266185993827,128.7916774670581,129.5715682785917,69458900,73.73404669035087,57.647525871277814
2023-01-12,131.70396423339844,132.5430854442494,129.75915527463124,132.16795510561155,71379600,88.93170574756917,71.52146490938935
2023-01-13,133.03671264648438,133.194670216135,129.97636381873417,130.34162751784612,57809700,98.51159554025145,87.05911599272383
2023-01-17,134.2016143798828,135.53434166770566,132.4147629011091,133.10580835372033,63646600,89.71042944867908,92.38457691216657
2023-01-18,133.48094177246094,136.83745656269951,133.30323577852656,135.0703537024429,69672800,76.4543167804167,88.22544725644907
2023-01-19,133.54019165039062,134.50765533885576,132.0593734264766,132.36540678256628,58280400,76.86994994270414,81.01156539059998
2023-01-20,136.10691833496094,136.25500917828725,132.5036004355903,133.55004278165805,80223600,94.87533266942472,82.73319979751521
2023-01-23,139.30551147460938,141.48725702280552,136.1365537453342,136.35374163026458,81760300,88.45950532313796,86.73492931175561
2023-01-24,140.70736694335938,141.32931550844197,138.50588774737034,138.51575444738316,66435100,95.74357836082336,93.02613878446203
2023-01-25,140.04591369628906,140.60861677861874,137.03491367991992,139.0883167228264,65799300,92.13355178357399,92.11221182251178
2023-01-26,142.11907958984375,142.4053645091988,140.08540973782974,141.33917349067576,54105100,98.50210231437158,95.459744152923
2023-01-27,144.06385803222656,145.34723680622537,141.25031251687773,141.3292912944412,70555800,93.19726641777382,94.61097350523981
2023-01-30,141.17132568359375,143.68871946900538,141.02324989890042,143.10626796433064,64015300,77.86498311655544,89.85478394956696
2023-01-31,142.44482421875,142.49418783542103,140.46053336332577,140.87516062877287,65874500,82.4686528071038,84.51030078047769
2023-02-01,143.5702362060547,144.73515421762997,139.51280928282884,142.1289150988489,77663600,88.60026106118939,82.97796566161621
2023-02-02,148.89132690429688,149.24670877710787,146.27520596359832,146.99586653400996,118339000,98.15580949080744,89.74157445303354
2023-02-03,152.52427673339844,155.36745253753844,145.93957351960248,146.13701293629845,154357300,87.80175839204762,91.51927631468148
2023-02-06,149.78970336914062,151.14219433077403,148.8518547888618,150.61897306818702,69858300,76.06946011372229,87.34234266552579
2023-02-07,152.67234802246094,153.24493285853742,148.71363285221915,148.71363285221915,83322600,88.43703720827672,84.10275190468222
2023-02-08,149.97726440429688,152.60325227526124,149.2368553096487,151.91220679965525,64120100,76.42484691902688,80.31044808034197
2023-02-09,148.94068908691406,152.35644968138112,148.49644664158131,151.81347999768036,56007100,66.58105520668832,77.14764644466398
2023-02-10,149.30653381347656,149.63281307537432,147.53673245711806,147.77403058031547,57450700,66.93901062403519,69.98163758325013
2023-02-13,152.11448669433594,152.5198501850578,149.21753098880535,149.24719136406156,62199000,82.25578099974594,71.92528227682315
2023-02-14,151.4718017578125,152.03537903023067,149.15820209418638,150.40398304690967,61707600,75.42895972403073,74.87458378260396
2023-02-15,153.57778930664062,153.74586979762776,151.15542974516777,151.38283098748437,65573800,88.71205613304356,82.13226561894008
2023-02-16,151.97605895996094,154.5664988468429,151.6201193880744,151.77830301928833,68167900,78.60946144865105,80.91682576857512
2023-02-17,150.8291473388672,151.2740680510971,149.1483273778538,150.63140647639398,59144100,71.37554515884074,79.56568758017846
2023-02-21,146.8050537109375,149.59324968756485,146.73585119733022,148.50565230235682,58867200,45.99437723672848,65.32646128140676
2023-02-22,147.2301788330078,148.2584401568736,145.49992024311211,147.1906216167105,51011300,17.53486624891042,44.96826288149322
2023-02-23,147.71466064453125,148.6440592209031,145.57903837527164,148.3968793904493,48394200,22.444724124897274,28.65798920351207
2023-02-24,145.05503845214844,145.52961956815125,144.07620075664735,145.4505202010405,55469600,9.330885424656584,16.436825266154766
2023-02-27,146.25137329101562,147.48727255329774,145.7866739614647,146.04375066348234,44998500,20.73508794188826,17.503565830480714
2023-02-28,145.74713134765625,147.3982909462784,145.17367228142913,145.39119175781394,50547000,15.928342327760763,15.331438564768545
2023-03-01,143.6708221435547,145.56916169404062,143.37420328858403,145.1736799451875,55479000,2.650205701115379,13.104545323588141
2023-03-02,144.26406860351562,145.05504723585858,142.27673271533786,142.75132894674115,52238100,16.170656682255284,11.583068237043818
2023-03-03,149.32630920410156,149.40540857679258,145.66804996545298,146.37003238225878,70732300,57.36135589018234,25.39407275785101
2023-03-06,152.09471130371094,154.53684949594242,151.72888994336137,152.05515407809082,87558000,79.8874322205734,51.139814931003684
2023-03-07,149.8898468017578,152.29242737720674,149.42514753967646,151.96614820893737,56182000,61.94677754610475,66.39852188562018
2023-03-08,151.14549255371094,151.73873008198836,150.11723126957472,151.0861718182146,47204800,72.16378036387403,71.33266337685073
2023-03-09,148.89125061035156,152.79668921738386,148.53531102339875,151.82774843104707,53833600,53.95150807599024,62.687355328656345
2023-03-10,146.8248291015625,149.23730682187812,145.94486944980744,148.51554589298388,68572400,37.096680787084395,54.403989742316234
2023-03-13,148.77261352539062,151.4124925875259,146.03385648579933,146.1426162263365,84457100,52.98384123330061,48.01067669879176
2023-03-14,150.86865234375,151.66951244598215,148.40675130157814,149.57343266368002,73695900,70.08024297129464,53.386921663893226
2023-03-15,151.26417541503906,151.52123700910988,148.22879983662045,149.48447760738804,77167900,73.30633843487763,65.45680754649096
2023-03-16,154.09190368652344,154.6950230424289,149.92938893729746,150.4435271800346,76161100,95.14329799014509,79.50995979877246
2023-03-17,153.25149536132812,154.9718724178721,152.53961624045886,154.31931404263202,98944600,86.44853781167487,84.96605807889921
2023-03-20,155.6244354248047,156.03971087014546,152.4110972116962,153.3207323821306,73641400,96.98266290428059,92.85816623536687
2023-03-21,157.48321533203125,157.60185682514813,154.7741189081368,155.54533387337614,73938300,99.22583665706867,94.21901245767474
2023-03-22,156.04959106445312,160.31096943804832,156.029812451383,157.50300984854792,75701800,70.89802766743006,89.03550907625977
2023-03-23,157.1371612548828,159.72761624709545,155.9012620500719,157.03829837049406,67622100,77.90765631755751,82.67717354735208
2023-03-24,158.44227600097656,158.53125712176995,156.06935559319226,157.06795670652497,59196500,86.99234003242813,78.59934133913858
2023-03-27,156.4945068359375,158.9564235953307,156.08912825748425,158.13578467553296,52390300,73.43424725405839,79.44474786801469
2023-03-28,155.87159729003906,156.70213299816345,154.22043780927265,156.1879947191645,45992200,69.0982789229991,76.50828873649522
2023-03-29,158.95645141601562,159.23329169203143,157.5524714200317,157.57223494927314,51305700,90.57142841034512,77.70131819580088
2023-03-30,160.5284881591797,160.6372479005565,159.45078759523014,159.70784921727477,49501700,99.25524326310318,86.30831686548248
2023-03-31,163.03982543945312,163.1387034155815,160.08356404514288,160.60758412796915,68749800,99.33683021084128,96.38783396142988
2023-04-03,164.29551696777344,164.41415847965385,162.36751696640553,162.41695595857647,56976200,99.26698249635957,99.28635199010137
2023-04-04,163.76156616210938,164.95790794732252,163.24742795309683,164.72062499443805,46278300,92.03952309329277,96.88111193349789
2023-04-05,161.91268920898438,163.1881457283857,159.9748075653386,162.88164511746857,51511700,75.72914103429223,89.01188220798151
2023-04-06,162.8025360107422,163.09915484076092,160.17253885078875,160.5976809407093,45390100,82.82135610398413,83.53000674385639
2023-04-10,160.2021942138672,160.2021942138672,158.2741945090455,159.59907481013732,47716900,55.70917849072533,71.4198918763339
2023-04-11,158.98609924316406,160.52849925536958,158.69936213850445,160.5186174915291,47644200,44.3834662413035,60.97133361200432
2023-04-12,158.29400634765625,160.23188822150757,157.97760884934243,159.40136741842844,50133100,37.93788002211324,46.01017491804737
2023-04-13,163.6923828125,163.92968090167284,159.59908506589906,159.8067227797579,68445600,88.21393569852229,56.84509398731302
2023-04-14,163.34632873535156,164.44380780578675,161.97200945675792,162.7333124858637,49386500,84.99107153499702,70.38096241854419
2023-04-17,163.3660888671875,163.52428757903846,162.1796287016244,163.2276687659828,41516200,85.17510121407305,86.12670281586414
2023-04-18,164.5921173095703,165.52151594579726,163.78136017187086,164.22629596467013,49923000,88.3373893416957,86.16785403025527
2023-04-19,165.73902893066406,166.26304897753164,163.67259403000486,163.92967071563345,47720200,93.67541085615085,89.0626338039732
2023-04-20,164.77008056640625,165.9763194310247,163.69238005042013,164.21640012100644,52456400,81.98081950956444,87.99787323580368
2023-04-21,163.15847778320312,164.5723392677561,162.63445771401044,163.18813815793777,58337300,62.529797496623495,79.3953426207796
2023-04-24,163.46499633789062,163.73195482649055,162.041237847574,163.13871709330454,41949600,66.22928177199282,70.24663292606026
2023-04-25,161.92259216308594,164.4339329839802,161.883034935673,163.32657200300784,48714100,47.61344301217812,58.790840760264814
2023-04-26,161.91268920898438,163.41554697412082,160.96352700012233,161.22058862196803,45498800,47.49392064585421,53.778881810008386
2023-04-27,166.51022338867188,166.65852525119462,163.32654598880194,163.32654598880194,64902300,98.29163355966541,64.46633240589925
2023-04-28,167.76588439941406,167.9339799574928,165.9862017200745,166.589321099478,55209200,98.31167845942255,81.36574422164739
2023-05-01,167.67691040039062,168.52720964209172,166.7376300382773,167.370409816753,52472900,91.93998656057674,96.18109952655492
2023-05-02,166.63877868652344,168.42837366285386,165.6500591818085,168.17129693616405,48425700,78.84851471938588,89.70005991312838
2023-05-03,165.56106567382812,168.9919233057137,165.27434367702065,167.58794352434566,65136000,57.26596568861263,76.01815565619175
2023-05-04,163.91976928710938,165.1556684360722,162.45646891900202,163.02992793451995,81235400,36.8223263334444,57.64560224714763
2023-05-05,171.61204528808594,172.3338062754006,168.8337309104411,169.05125040031595,113316400,93.65221407636002,62.58016869947235
2023-05-08,171.54281616210938,171.88887398730245,170.1684967974759,170.53431814830344,55962800,93.04335369307039,74.50596470095827
2023-05-09,169.83233642578125,171.58235891028352,169.66425593732595,171.09789605728315,45326900,77.99992604352163,88.231831270984
2023-05-10,171.60214233398438,172.06684167430913,169.96086445482297,171.06824047843108,53724500,93.56511899398072,88.20279957685757
2023-05-11,171.78997802734375,172.62049861686478,170.22779972610607,171.88885599180736,49514700,92.87533145977481,88.14679216575905
2023-05-12,170.8592987060547,172.33451847611525,169.3048550658258,171.8988778353498,45497800,84.89144549103517,90.44396531493022
2023-05-15,170.36428833007812,171.49298697857782,169.77023004875,171.44347960387887,37266700,80.64497057240709,86.13724917440568
2023-05-16,170.36428833007812,171.42367363249335,170.0969605927275,170.28507955206572,42110300,77.80201008994416,81.11280871779547
2023-05-17,170.97813415527344,171.2157453771671,168.7306323338431,170.00785308163907,57951600,83.84140434047836,80.7627950009432
2023-05-18,173.31472778320312,173.50284672542747,170.86921174934298,171.2850464654308,65496700,98.29700789235251,86.646807440925
2023-05-19,173.42364501953125,174.64144781679403,173.20582466782196,174.64144781679403,55772400,90.00570450324332,90.7147055786914
2023-05-22,172.47312927246094,172.97808324363118,171.73056412194157,172.2553089530398,43570900,82.2049872837613,90.16923322645238
2023-05-23,169.8593292236328,171.66129487805824,169.58210606257185,171.4137731194303,50747300,60.75398543342767,77.65489240681076
2023-05-24,170.13653564453125,170.71078788094945,168.82962874348078,169.39397044171028,45143500,23.785268119827546,55.58141361233884
2023-05-25,171.275146484375,172.1761141248664,169.98803043113716,170.70089424192957,56058300,43.048444971277924,42.529232841511046
2023-05-26,173.69097900390625,174.02762011184453,171.39398470447364,171.60190965033163,54835000,83.91983617777792,50.251183089627794
2023-05-30,175.5424346923828,177.21568420222022,174.81967538543662,175.20580872558915,55964400,80.28003203995222,69.08277106300268
2023-05-31,175.49290466308594,177.57209321550437,175.0077566388477,175.57211342872856,99625300,76.48365377342756,80.22784066371923
2023-06-01,178.30474853515625,178.33444993394386,175.17607026429087,175.93844141740337,68901800,99.69073341431124,85.48480640923033
2023-06-02,179.15623474121094,179.97800874169684,177.48298533965166,179.2354435119536,61945900,92.69363831451325,89.62267516741736
2023-06-05,177.79981994628906,183.1165821425977,176.275077551752,180.8195882273271,121946500,63.04198007785964,85.14211726889471
2023-06-06,177.43348693847656,178.33445457100666,175.6711182885981,178.18594757320713,64848400,60.49551625251273,72.07704488162854
2023-06-07,176.0572967529297,179.41369144392402,175.56225319905127,176.6711459253292,61944600,50.589288055602154,58.04226146199151
2023-06-08,178.78001403808594,179.04732664647344,175.70084291207064,176.1364684949153,50214900,69.64665605488842,60.2438201210011
2023-06-09,179.1661376953125,180.42353722036253,178.8394071951532,179.70077799078283,48870700,72.34928723481814,64.1950771151029
2023-06-12,181.9680633544922,182.0670780867689,179.17602617310777,179.4730552624109,54274900,91.96106576384221,77.98566968451625
2023-06-13,181.49285888671875,182.324528402013,180.63148796784472,180.9879199183322,54929100,88.63492299219426,84.31509199695154
2023-06-14,182.12649536132812,182.56213604593384,180.21563475820471,181.5522431050323,57462900,92.45852244002447,91.01817039868699
2023-06-15,184.16607666015625,184.67103069686027,181.95818688950908,182.13641040467775,65433200,96.19678927832612,92.43007823684827
2023-06-16,183.08689880371094,185.1363862861082,182.44334825251562,184.87895397960628,101235600,80.13429374798267,89.59653515544441
2023-06-20,183.1759796142578,184.2551858622496,182.58193651385486,182.58193651385486,49799100,80.64489728498836,85.65866010376571
2023-06-21,182.1363983154297,183.5720213426237,180.77996894802234,183.06706733943585,49515700,69.88059451018154,76.88659518105085
2023-06-22,185.14627075195312,185.19577812392734,181.84927919785179,181.91859254012144,51245300,99.48609286465461,83.33719488660817
2023-06-23,184.82943725585938,185.70071866604846,183.17599374881706,183.71064919871634,53079300,91.40618061949033,86.92428933144215
2023-06-26,183.4334259033203,186.18586660248252,183.39381396241686,184.9779592329188,48088700,74.09129460346125,88.32785602920205
2023-06-27,186.19573974609375,186.52247023555708,183.82943266258093,184.04725298888982,50730800,97.01894142812073,87.50547221702409
2023-06-28,187.3739471435547,188.0174975900725,185.7403097900696,186.0670251747448,51216800,94.77495745929102,88.62839783029101
2023-06-29,187.71058654785156,188.18583917474905,187.06703605511274,187.2056476277424,46347300,94.91514379032546,95.56968089257907
2023-06-30,192.0471649169922,192.55210381756805,189.36402266288647,189.73036510372253,85069600,96.22506003630305,95.30505376197317
2023-07-03,190.55213928222656,191.9580609253223,189.85906633761323,191.85904618822673,31458200,83.78819315545137,91.64279899402663
2023-07-05,189.43331909179688,191.0669563536009,188.73035077998927,189.67094537484306,46920300,74.71898392673363,84.91074570616267
2023-07-06,189.90858459472656,190.11650951153766,187.32445692665846,187.95811200082892,45094300,77.54426659109875,78.68381455776125
2023-07-07,188.78976440429688,190.76004279032819,188.35413885501103,189.5125387247038,46778000,68.0402963866454,73.43451563482591
2023-07-10,186.74032592773438,188.10665094106523,185.18588195082552,187.38387649073601,59922200,50.63106263870084,65.40520853881499
2023-07-11,186.21554565429688,187.42345287888426,184.75022127484863,187.28484131741655,46638100,46.173245265276954,54.948201430207725
2023-07-12,187.88880920410156,189.7996698114742,186.60169311695756,187.79968989475896,60750200,56.42930927901054,51.07787239432944
2023-07-13,188.65115356445312,189.2947191217671,187.8986929500458,188.61155673528532,41342300,58.394790328708446,53.66578162433198
2023-07-14,188.79971313476562,189.28484614910528,187.7502232169733,188.34426641754783,41573900,59.02738674850034,57.950495452073106
2023-07-17,192.0669708251953,192.39370132812152,189.9085734412509,189.9976776399959,50520200,94.43825195570545,70.6201430109714
2023-07-18,191.80953979492188,192.40359800546008,190.51252831302557,191.433317028607,48353800,90.4822455531694,81.31596141912506
2023-07-19,193.16595458984375,196.26491622319193,190.74022966968735,191.1857808476927,80507300,73.08689767943831,86.00246506277107
2023-07-20,191.2154998779297,194.52238670645607,190.5917402572243,193.1560618639693,59581200,56.14806672764928,73.23906998675233
2023-07-21,190.03729248046875,193.03725474426253,189.33432409540026,192.17588392818155,71917800,45.91585994538925,58.38360811749228
2023-07-24,190.83924865722656,192.9778399722658,190.34420521064493,191.49270963252084,45377800,52.88049235949585,51.64813967751146
2023-07-25,191.7006378173828,192.51251639930572,191.00757994716116,191.4135192381226,37283200,60.36127377854841,53.05254202781117
2023-07-26,192.5718994140625,193.70059786031172,191.40360413966724,191.75012548540775,47471900,67.92779291421202,60.38985301741875
2023-07-27,191.30462646484375,195.24516880610398,190.64126993533102,194.076873305403,47460200,56.92209146138212,61.737052718047515
2023-07-28,193.88873291015625,194.68080550669023,192.21548351570434,192.74022840055838,48291400,79.36390565537683,68.07126334365698
2023-07-31,194.50257873535156,194.54219067365466,193.32437284504627,194.11644542830032,38824100,81.76242576140696,72.68280762605531
2023-08-01,193.67091369628906,194.77980627337752,193.34418318178373,194.29467332466547,35175100,69.53498470222753,76.88710537300378
2023-08-02,190.67095947265625,193.24517665133837,189.94820018063527,193.10656507331342,50389300,34.30230841616742,61.86657295993397
2023-08-03,189.27493286132812,190.46303425792703,188.79969532419432,189.67097673188036,61235200,6.3660210938650135,36.73443807075332
2023-08-04,180.18592834472656,185.5224963676216,180.11661500704574,183.6809340478131,115799700,0.4292299032143426,13.699186471082259
2023-08-07,177.07705688476562,181.31462781819698,175.5919264611557,180.32454086912372,97576100,7.183916988810216,4.65972266196319
2023-08-08,178.01763916015625,178.48298124186843,175.81964489133262,177.9087289898081,67823000,12.342557306449002,6.651901399491187
2023-08-09,176.42361450195312,179.13644336005612,175.25530392276485,179.07704055404358,60378500,5.84451463782539,8.456996311028202
2023-08-10,176.20578002929688,178.95822060931928,175.8394526832055,177.70080592181807,54686900,4.754790050252977,7.647287331509123
2023-08-11,176.26524353027344,177.08812715930858,175.035887610981,175.7992882281701,51988100,6.083125408681564,5.56081003225331
2023-08-14,177.92095947265625,178.14898275911253,175.78938877461678,176.44373225185288,43675600,14.275974656493407,8.37129670514265
2023-08-15,175.92816162109375,177.94075085454938,175.53159812671015,177.34590561297395,43622600,4.415169453568058,8.25808983958101
2023-08-16,175.05572509765625,177.0088162608788,174.9863181633248,175.61092006059548,46964900,0.3506553970959946,6.34726650238582
2023-08-17,172.50778198242188,175.98767489704687,171.99223724872292,175.6208528452633,66062900,2.2623946114707327,2.342739820711595
2023-08-18,172.99359130859375,173.59836059602029,170.48528962334868,170.82237017622754,61114200,10.324558917462944,4.312536308676557
2023-08-21,174.3319854736328,174.61950689363672,172.25000423465377,173.56859991663836,46311900,16.901208013702085,9.829387180878587
2023-08-22,175.7100830078125,176.15622081199353,174.73849165880682,175.5415427319188,42084200,26.15306922794739,17.792945386370807
2023-08-23,179.56671142578125,179.99303161559698,176.80064510070915,176.9890180826326,52722800,60.39301019713198,34.48242914626048
2023-08-24,174.8673858642578,179.54690878007156,174.5005486639036,179.12058855477642,54945800,40.465041926511915,42.337040450530424
2023-08-25,177.07826232910156,177.61362469655592,174.3121956960464,175.85881489972726,51449600,69.34320168898319,56.73375127087569
2023-08-28,178.6446990966797,179.04126265908485,177.0187642861302,178.5455506421133,43820700,85.81858321337926,65.20894227629145
2023-08-29,182.5409698486328,183.31427930675537,177.9605961154563,178.1588778766287,53003900,93.9721717983547,83.04465223357238
2023-08-30,186.0406951904297,186.23899207960088,183.15566303930453,183.35394480054703,60813900,98.74126803066228,92.84400768079875
2023-08-31,186.25880432128906,187.49808420340318,185.87214960318659,186.22906281435257,60794500,92.71560074223768,95.14301352375155
2023-09-01,187.83518981933594,188.2912363685708,186.66530168187228,187.86493132785435,45732600,97.43879639897706,96.29855505729233
2023-09-05,188.0731201171875,188.350717612699,186.00104769428793,186.66529992482816,45280000,98.44617494931012,96.20019069684162
2023-09-06,181.34133911132812,187.23039917082616,179.91368635412528,186.78424633825477,81755800,60.76568383612643,85.55021839480453
2023-09-07,176.03724670410156,176.6816813943478,172.05171790486162,173.67765269377628,112488800,31.076541150105335,63.42946664518063
2023-09-08,176.65191650390625,178.69426259870855,176.26526175899272,176.82047189213844,65551300,28.223809322682712,40.022011436304815
2023-09-11,177.82180786132812,178.7537488345446,175.81912716109244,178.52572555213936,58953100,35.40149739184277,31.567282621543598
2023-09-12,174.78807067871094,178.58522677149583,173.32076725641124,177.95071595688535,90370200,16.78847059880334,26.804592437776268
2023-09-13,172.7159881591797,175.77948480311008,172.48794973853728,174.99625134216151,84267900,4.075527739279944,18.755165243308678
2023-09-14,174.2328643798828,174.58977763559852,172.09138484558866,172.50778112260195,60895800,13.382087944773632,11.415362094285634
2023-09-15,173.5091094970703,174.98633670911127,172.32932763975032,174.9665039932106,109205100,8.941601437712205,8.79973904058859
2023-09-18,176.4437255859375,177.84163701778533,174.65915940995401,174.9664984209427,67257600,26.946486040882533,16.423391807789454
2023-09-19,177.5343017578125,178.08949677364237,175.61093679016653,175.99759154247158,51826900,33.63754801660978,23.17521183173483
2023-09-20,173.98497009277344,178.1588558667478,173.8957304525312,177.7226269693033,58436200,11.861170762413202,24.14840160663516
2023-09-21,172.43836975097656,174.78805492740332,172.3689779372214,173.0530629204369,63047900,2.372242794317142,15.956987191113365
2023-09-22,173.29100036621094,175.5613698772793,172.55735626241975,173.17203432298646,56725400,7.603426489745935,7.278946682158755
2023-09-25,174.56993103027344,175.4522977411563,172.65647493916612,172.70604916227998,46172700,16.590460536637384,8.85537660690015
2023-09-26,170.48526000976562,173.6974637546494,170.18782981503577,173.32073296072448,64588900,3.4722508355782935,9.2220459539872
2023-09-27,168.9683837890625,171.5560010147378,167.6002289663342,171.13960475321795,66921800,12.266574488541341,10.776428620252334
2023-09-28,169.2261505126953,170.5546549284134,166.18247183150447,167.88772217595067,56294400,24.21137232482254,13.316732549647389
2023-09-29,169.74169921875,171.58574835004075,168.87915010499984,170.54475018871184,51814200,28.697070969040762,21.725005927468214
2023-10-02,172.25990295410156,172.80518912572896,169.46408028935463,169.75160169254372,52164500,50.74512561314678,34.55118963567003
2023-10-03,170.92147827148438,172.14094058886474,169.35504178574476,170.78267952738358,49594600,39.56959317632314,39.67059658617023
2023-10-04,172.17068481445312,172.71597100628938,169.50375199905025,169.62271803074952,53020300,50.00017505556702,46.77163128167897
2023-10-05,173.4099884033203,173.94535074695764,171.19910182632682,172.299583153516,48527900,60.34806958884388,49.97261260691135
2023-10-06,175.9678497314453,176.46356172729125,171.69479961979252,172.30949278163357,57224100,81.70561223775935,64.01795229405674
2023-10-09,177.45497131347656,177.51445432768062,174.2923266162491,175.29365932051672,42390800,94.12272893721591,78.72547025460638
2023-10-10,176.86012268066406,178.17871838563994,176.42389371024447,176.57261638357625,43698000,89.00826438481863,88.2788685199313
2023-10-11,178.25802612304688,178.30760034526705,176.07689649671707,176.67174177957318,47551100,99.59114476878406,94.24071269693953
2023-10-12,179.16021728515625,180.7762279340573,177.50452608120557,178.52570660256114,56743100,88.9266982568089,92.50870247013718
2023-10-13,177.31617736816406,180.3697497847248,176.61225971587282,179.8641290223829,51427100,76.29088398093774,88.26957566884356
2023-10-16,177.18728637695312,177.5441995976702,174.99623283045386,175.23418002024147,52517000,75.40769126272868,80.20842450015844
2023-10-17,175.63076782226562,176.8898806260753,173.30093033620963,175.13505578762425,57549400,64.7420439561026,72.14687306658966
2023-10-18,174.3319854736328,176.05706860986896,173.60825021874456,174.07422069011992,54764400,45.8334008315467,61.99437868345931
2023-10-19,173.9552764892578,176.31485552292168,173.68758775067354,174.53028914557814,59302900,40.27808183647137,50.28450887470689
2023-10-20,171.39736938476562,173.9155794449356,171.15942220172326,173.80652221036553,64189300,17.88192200441998,34.664468224146006
2023-10-23,171.51634216308594,172.51767489960218,168.4726633962427,169.4442697526279,55980100,24.738186705881844,27.63273018225772
2023-10-24,171.9525909423828,172.18061423977284,169.97965162202772,171.56593616509952,43816600,28.283897202673884,23.63466863765856
2023-10-25,169.6326446533203,171.57582713235345,169.1864917714858,170.40595412753765,57157000,9.428009691926713,20.81669786682747
2023-10-26,165.458740234375,169.91023915738614,164.24920182104776,168.9088912991807,70625300,7.318548449409958,15.010151781336845
2023-10-27,166.77734375,167.5110029440003,165.39926501775972,165.47858075180807,58499100,15.297016605801621,10.681191582379421
2023-10-30,168.82957458496094,169.70203248533966,167.42175441803172,167.57047708446643,51131000,27.714440169654342,16.776668408288632
2023-10-31,169.3054656982422,169.43434051981868,166.4600687836398,167.89764555846892,44846000,30.593912314413917,24.53512302995662
2023-11-01,172.47802734375,172.73579212701503,168.66103905073186,169.5334969755198,56934900,51.04556955038687,36.45130734481837
2023-11-02,176.0471649169922,176.25535548295753,173.95525969593038,174.01474271477764,77334800,88.73986512949736,56.79311566476605
2023-11-03,175.13502502441406,175.3035803991637,171.86333827281126,172.74570493436423,79763700,86.11739425763052,75.30094297917158
2023-11-06,177.6929168701172,177.8911986418375,174.69882732290304,174.86736758526175,63841300,98.54653410109192,91.13459782940659
2023-11-07,180.26068115234375,180.87535906254786,177.43511729351076,177.64330781822596,70530000,96.30294660831291,93.65562498901177
2023-11-08,181.321533203125,181.87672821790486,180.03267898856913,180.78617090399572,49340300,96.85040883059551,97.23329651333346
2023-11-09,180.84564208984375,182.54096853276508,180.2507816826859,181.3909282750837,53763500,90.73175123190622,94.62836889027153
2023-11-10,185.0448760986328,185.21365353801235,182.1957456895483,182.63254933718324,66133400,99.19493511369552,95.59236505873241
2023-11-13,183.45654296875,184.67759686655458,182.87083578949566,184.46913200851657,43627500,91.61861901763696,93.84843512107956
2023-11-14,186.07733154296875,186.74245888927783,184.94561983989882,186.33543591459554,60108400,97.04299228745971,95.95218213959738
2023-11-15,186.64317321777344,188.12234646111898,186.41484954526325,186.48434792046902,53790500,93.49043725855313,94.05068285454992
2023-11-16,188.33084106445312,189.57175373642215,187.2785343944212,188.191859451107,54412900,94.6307996387791,95.0547430615973
2023-11-17,188.3109588623047,188.99594499592382,187.19910609344922,188.86688524673244,50922700,94.54477301549716,94.22200330427647
2023-11-20,190.05816650390625,190.51482899547432,188.49958819031184,188.50951003765908,46505100,97.91037393183176,95.69531552870266
2023-11-21,189.2540740966797,190.12768147094766,188.36062302598555,190.01848054916417,38134500,93.2404604139083,95.2318691204124
2023-11-22,189.919189453125,191.52740733771327,189.4426832554431,190.09788874466753,39617700,91.82154070309514,94.32412501627839
2023-11-24,188.58892822265625,189.51215989530726,187.8741613770549,189.48237920572873,24048300,82.53875780089008,89.20025297263116
2023-11-27,188.4102325439453,189.28383984926063,187.52670339120002,188.53929229982836,40552600,77.88028216854403,84.08019355750974
2023-11-28,189.0157928466797,189.6908571482296,188.0230628104096,188.40030507150686,38415400,78.14985778919612,79.52296591954341
2023-11-29,187.99330139160156,190.69352857887446,187.5962153955331,189.5121772909601,43014200,68.65989832218892,74.89667942664302
2023-11-30,188.569091796875,188.93641225844013,186.82189215984647,188.45989087281944,48794400,68.29808395999862,71.70261335712787
2023-12-01,189.84970092773438,190.1673666680402,187.85430382511626,188.94631294335792,45679300,80.61927403205793,72.52575210474849
2023-12-04,188.0528564453125,188.66835941071503,186.08725507958516,188.59886103241988,43389500,47.209616026732355,65.37565800626297
2023-12-05,192.01385498046875,192.9867262414063,188.79740398889692,188.82719982806023,66628400,85.89933578792206,71.24274194890411
2023-12-06,190.92189025878906,193.34413936117784,190.71341023980193,193.03639540522764,41089700,66.62136244155236,66.57677141873559
2023-12-07,192.85768127441406,193.5823700079149,192.18261692775607,192.22233461466143,47477700,90.33118583997036,80.95062802314825
2023-12-08,194.28720092773438,194.56516412443645,192.26202318278135,192.78816888710017,53377300,96.72132367507665,84.55795731886644
2023-12-11,191.77560424804688,192.08336332058192,190.02840462687192,191.70612101402028,60943700,67.09613347310325,84.7162143293834
2023-12-12,193.29449462890625,193.30441647720014,190.32622602015354,191.6763396332624,52696900,85.0119942451861,82.94315046445531
2023-12-13,196.52085876464844,196.56056130389416,193.43346752411227,193.67171305530522,70404200,99.62091684903118,83.90968152244017
2023-12-14,196.66976928710938,198.16878635020208,194.73394853732478,196.58042720970235,66831600,87.592491137788,90.74180074400175
2023-12-15,196.13369750976562,196.95765018105735,195.56783406915136,196.09397982207716,128256700,83.15537331442474,90.12292710041463
2023-12-18,194.46591186523438,195.20053764226134,192.97681661429394,194.66445486912104,55751900,69.35095062019711,80.03293835746994
2023-12-19,195.50828552246094,195.51820737110475,194.46591579616017,194.73395718814848,40714100,77.97877795332401,76.82836729598195
2023-12-20,193.41360473632812,196.24287639656293,193.41360473632812,195.46854814025792,52242800,60.64090298355745,69.32354385235952
2023-12-21,193.26467895507812,195.64724016492798,192.09326476649224,194.67436895686498,46482500,59.40822992321287,66.00930362003143
2023-12-22,192.1925506591797,193.98938969071887,191.56712585784612,193.7610508645393,37122800,36.228877868664014,52.09267025847811
2023-12-26,191.6465606689453,192.48045036895266,191.42815882163003,192.20248713561688,28919300,19.87813467562329,38.50508082250005
2023-12-27,191.7458038330078,192.09326541098244,189.7007823458299,191.09061350986994,48087700,24.14998252388669,26.752331689391323
2023-12-28,192.17269897460938,193.24484932489418,191.76567598880632,192.72862541967714,34049900,29.191254840021035,24.406457346510326
2023-12-29,191.13034057617188,192.98674116771573,190.33615340163328,192.49037607711168,42628800,16.881879479554595,23.40770561448743
2024-01-02,184.2904052734375,187.07005243391947,182.55312769161858,185.78942219080653,82488700,11.125227694856033,19.06612067147721
2024-01-03,182.9105224609375,184.52867738484042,182.0964765011294,182.88074176951616,58414500,5.064897127123761,11.024001433844788
2024-01-04,180.58753967285156,181.7589539428833,179.5650288616003,180.82578520690032,71983600,5.496259623238699,7.228794815072821
2024-01-05,179.8628387451172,181.43135417752765,178.86018676112266,180.66696287937032,62303300,5.54029015408914,5.367148968150524
2024-01-08,184.21099853515625,184.2507162227342,180.18051667398524,180.76622380895435,59144500,30.78241564598965,13.939655141105822
2024-01-09,183.79405212402344,183.80397397190293,181.40156892129536,182.58292017691045,42841800,28.383785630282926,21.56883047678723
2024-01-10,184.83641052246094,185.04487535026095,182.5829090664718,183.00979086506445,46792900,34.380316778790075,31.182172685020873
2024-01-11,184.2407684326172,185.6901609871056,182.2850890001184,185.18385896123664,49128400,32.05197208865045,31.605358165907813
2024-01-12,184.56837463378906,185.382420570264,183.84368591687618,184.7073562390581,40444700,37.72960082054204,34.72062989599418
2024-01-16,182.29502868652344,182.92043833380222,179.61464536328148,180.83571426310817,65603000,23.87850191252727,31.220024940573243
2024-01-17,181.35194396972656,181.60012651740652,178.98925641635856,179.95220591318565,47317400,17.3223195021586,26.31014074507596
2024-01-18,187.25869750976562,187.76498444511594,184.47904999387188,184.7371543858006,78005800,58.3851773471213,33.195332920602375
2024-01-19,190.16737365722656,190.55453778649462,187.4473029046773,187.9535897974558,68741000,80.04207233171216,51.91652306033068
2024-01-22,192.48043823242188,193.90997199821769,190.86228332421425,190.90200101096366,60133900,90.5013012260649,76.30951696829945
2024-01-23,193.76104736328125,194.3269107729025,192.42087086045922,193.602222064805,42355600,96.34141393361472,88.96159583046392
2024-01-24,193.0860137939453,194.95235131957728,192.9271733347724,193.9993237123997,53631300,88.40219711367907,91.74830409111955
2024-01-25,192.75840759277344,194.84314692565724,191.70611607825748,193.80077725921535,54822100,86.36638521291302,90.36999875340227
2024-01-26,191.02113342285156,193.34411833566054,190.54462719280716,192.85769025735726,44594000,75.37308447666348,83.38055560108518
2024-01-29,190.3361358642578,190.80272021826386,188.20177223046258,190.614099077556,47145600,71.0819519441141,77.60714054456353
2024-01-30,186.67295837402344,190.4056331853674,186.10711010289756,189.5518847070131,55859400,48.134161979551834,64.86306613344313
2024-01-31,183.05941772460938,185.73980101543498,183.00979333970113,185.68022448739953,55467800,25.49731949178684,48.237811138484254
2024-02-01,185.50155639648438,185.59089847447947,182.48366340616798,182.6524257138898,64885400,40.7959735853773,38.14248501890531
2024-02-02,184.49891662597656,185.96815310364414,177.9468911439584,178.55245718138087,102518000,38.52895137417073,34.940748150444946
2024-02-05,186.31556701660156,187.8741604535555,184.48894737475842,186.7821513481828,69668800,49.21169898502089,42.84554131485629
2024-02-06,187.92381286621094,187.9337347140823,185.4122068995574,185.50154897397763,43490800,58.66893115045887,48.80319383655015
2024-02-07,188.03302001953125,189.66109684812312,187.23883287556598,189.2540738540102,53439000,59.31111990743755,55.73058334763909
2024-02-08,186.95094299316406,188.16205980044833,185.98799356738817,188.0131563419714,40962000,52.948004677432856,56.97601857844308
2024-02-09,187.71630859375,188.8494643803939,186.8714052160575,187.5174970927484,45155200,57.44870970206524,56.56927809564521
2024-02-12,186.02650451660156,187.537383976275,185.66866504371018,187.28888476363343,41781900,47.511877298252095,52.636197225916725
2024-02-13,183.92918395996094,185.09217370700773,182.4083698811328,184.6548126341336,56529500,35.40602659721957,46.78887119917895
2024-02-14,183.0445098876953,184.41623036442274,181.34478380471282,184.20749952407863,54630500,33.10738148024548,38.67509512523904
2024-02-15,182.75625610351562,183.3824789542038,180.26132954316023,182.4481195157763,65434500,37.40999457724243,35.307800884902484
2024-02-16,181.215576171875,183.7403368438813,180.57941874936438,182.31891336045317,49701400,26.236075978236844,32.25115067857491
2024-02-20,180.47006225585938,181.33483464555084,178.91942962585208,180.69867728023533,53665600,21.539412706436607,28.395161087305283
2024-02-21,181.22552490234375,181.79209525720324,179.57548638259638,180.8478012209779,41529700,27.988528127175606,25.254672270616343
2024-02-22,183.26321411132812,183.8496838430312,181.36469145049406,182.3785574262725,52292200,45.383554819082846,31.637165217565013
2024-02-23,181.42431640625,183.92917764586625,181.13604881484736,183.89935895257477,45119700,23.319348184651094,32.230477043636505
2024-02-26,180.07247924804688,181.66286516303873,179.56553112991756,181.1459977034405,40867400,10.73436365449997,26.47908888607796
2024-02-27,181.5336456298828,182.81589486499632,178.48206808634893,180.01283169575817,54318900,27.297340480673153,20.45035077327473
2024-02-28,180.33090209960938,182.02069366799873,179.04865286943277,181.4143549983027,48953900,17.833156569141803,18.621620234771637
2024-02-29,179.66493225097656,181.47401381447335,178.45225486971108,180.18181486443112,136682600,11.6634889392148,18.93132866300991
2024-03-01,178.58148193359375,179.44625436004063,176.31517027538303,178.47214167082092,73488000,20.19487169479396,16.563839067716845
2024-03-04,174.04885864257812,175.838040881393,172.74670999766127,175.09254322615726,81510100,10.547587968939787,14.135316200982837
2024-03-05,169.09873962402344,171.00721175997333,168.60174119797853,169.73489700267342,95132400,3.142677710383849,11.295045791372521
2024-03-06,168.10475158691406,170.2120353375331,167.6673905223103,170.03310800783655,68587700,2.68950184429737,5.4599225078736575
2024-03-07,167.9854736328125,169.70508399774383,167.47854068144582,168.13456709874717,71765100,3.081539957772319,2.971239837484502
2024-03-08,169.70509338378906,172.65726551008456,167.9258455340773,167.98548292374957,76114600,13.534750703932302,6.435264168667319
2024-03-11,171.71295166015625,173.33317133974063,171.01715691552084,171.90181348381185,60139500,25.74010348577169,14.11879804915876
2024-03-12,172.19007873535156,172.98527928876703,169.9834044040384,172.1105571632911,59825400,28.640459722598553,22.6384379707675
2024-03-13,170.10269165039062,172.1503228051375,169.73490248954016,171.73284593382695,52488700,15.951667857119084,23.444077021829766
2024-03-14,171.96145629882812,173.26358975503445,171.0171623179081,171.87200022180366,72913500,29.228741566066752,24.606956381928118
2024-03-15,171.58372497558594,171.58372497558594,169.2677105816515,170.14243263043366,121664700,26.765922238028356,23.982110553738053
2024-03-18,172.67715454101562,176.6432079045962,172.4783581807999,174.51605499918875,75604200,35.74858457600432,30.581082793366463
2024-03-19,175.02297973632812,175.54979689128342,171.9912860926869,173.29341963294198,55215200,53.90628086076197,38.80692922493154
2024-03-20,177.59742736816406,177.59742736816406,174.0389165846836,174.66513949599232,53423100,84.55154391616725,58.0688031176445
2024-03-21,170.3412322998047,176.42450322724187,169.81441519205438,175.98714219427453,106181300,28.290578864929405,55.58280121395287
2024-03-22,171.24578857421875,172.0111704512642,169.0391141931604,170.7289059277682,71106600,37.22986539337089,50.02399605815584
2024-03-25,169.82437133789062,170.90782428626645,168.43276661931924,169.54605342761408,54288300,23.18269518250336,29.56771314693454
2024-03-26,168.69122314453125,170.39094937582044,168.5619986920605,168.97947557636294,57388400,11.984346703646368,24.132302426506868
2024-03-27,172.26959228515625,172.55785986634996,169.08880538680637,169.3870074763491,60273300,44.912474769843165,26.693172218664287
2024-03-28,170.45057678222656,171.1960744249358,169.4863986176142,170.71896018041463,65672700,22.017292491286845,26.304704654925448
2024-04-01,169.00930786132812,170.22198540870994,168.46260648059197,170.16234801575516,46240500,6.290917447015784,24.406894902715255
2024-04-02,167.82643127441406,168.3234297194346,167.22009256480143,168.0649959882119,49329500,5.842913629578122,11.38370785596024
2024-04-03,168.63156127929688,169.6553768320082,167.56799252573734,167.7767233727702,47691700,13.60145684071092,8.578429305768266
2024-04-04,167.80654907226562,170.8879300889726,167.80654907226562,169.26771043200742,53704400,5.651321062457758,8.365230510915591
2024-04-05,168.56199645996094,169.36713152382467,167.9357735582051,168.5719309687928,42055200,12.931103415153178,10.727960439440608
2024-04-08,167.4387664794922,168.18426411757292,167.23003563445502,168.01528647300387,37425500,2.107226169670231,6.896550215760379
2024-04-09,168.65145874023438,169.05900112515698,167.33939066831408,167.6872804964856,42451200,13.793196447406974,9.610508677410118
2024-04-10,166.77279663085938,168.0749301271986,166.1068205360595,167.78667770328389,49709300,6.45470610730281,7.4517095747933295
2024-04-11,173.9892120361328,174.4067040844594,167.1505236254001,167.3294357885208,91070300,94.96990474755437,38.405935767421376
2024-04-12,175.49014282226562,177.2892746522008,173.16419388744958,173.21388159504414,101593300,83.91111815662887,61.77857633716201
2024-04-15,171.65330505371094,175.56965476374435,171.46444324020368,174.3072746159751,73531800,49.59988621500692,76.16030303973004
2024-04-16,168.36317443847656,172.7168698915991,167.25983743883052,170.71894188345593,73711200,20.177627191513643,51.22954385438314
2024-04-17,166.991455078125,169.6255404157564,166.991455078125,168.5917904626445,50901200,7.910915912353933,25.89614310629149
2024-04-18,166.03721618652344,167.62761710838,165.55016746918514,167.02127846323074,43122900,4.148941735901072,10.745828279922874
2024-04-19,164.00946044921875,165.40104980433753,163.09498527768548,165.21220316607506,67772100,6.442556914297764,6.167471520850913
2024-04-22,164.8444366455078,166.2559103754066,163.78086788564391,164.52636553527142,48116400,12.325036651453146,7.638845100550651
2024-04-23,165.8980712890625,166.0471799196536,163.92996173620628,164.3573882766078,49537800,19.747984118244986,12.83852589466529
2024-04-24,168.00534057617188,168.2836584621474,165.21221204158294,165.5402176329784,48251800,34.59387905182867,22.222299940508922
2024-04-25,168.87013244628906,169.58581142644354,167.14057238305094,168.51229295621184,50558300,40.68641279761697,31.676091989230198
2024-04-26,168.28366088867188,170.31140768247312,168.16437095925713,168.86018085141623,44838400,36.55466979771625,37.27832054905395
2024-04-29,172.4584503173828,174.97326108846298,172.06085765153782,172.3292258757486,68169400,65.96642348653728,47.73583536062349
2024-04-30,169.30747985839844,173.9395086711804,168.9794590883409,172.28947031289857,65934800,43.76756325587518,48.76288551337623
2024-05-01,168.28366088867188,171.67319360904702,168.0947990703537,168.56197877866052,50383100,36.55466979771625,48.762885513376226
2024-05-02,171.99127197265625,172.37893013348045,169.8641193422282,171.4743893691613,94214900,71.31480882048905,50.54568062469349
2024-05-03,182.2791748046875,185.87743909298658,181.56349575095425,185.5295340759363,163224100,84.20598449372288,64.02515437064271
2024-05-06,180.61917114257812,183.09421354898845,179.33690673477625,181.2553285088154,78569700,76.91965934381963,77.48015088601052
2024-05-07,181.30502319335938,183.79001537072006,180.23151991986552,182.34872294128857,77305800,79.93009911620544,80.35191431791598
2024-05-08,181.64300537109375,181.97102617972277,180.36074083125402,181.75234564063675,45057100,81.41361876020173,79.4211257400756
2024-05-09,183.46202087402344,183.55147695770702,181.0167817496789,181.46407733528633,48983000,89.06880983344375,83.4708425699503
2024-05-10,182.19793701171875,184.22843448265328,181.28222127480615,184.0393164696827,50759500,83.2349658165561,84.57246480340052
2024-05-13,185.4128875732422,186.22907786103977,183.76061103045285,184.57680131825043,72044800,96.11649855497495,89.47342473499158
2024-05-14,186.55751037597656,187.4234708736874,185.42281765723527,186.63713980034996,52393600,95.73058802167452,91.69401746440184
2024-05-15,188.8368682861328,189.76253191302303,186.49780129168897,187.03529613574696,70400000,95.7279165586381,95.85833437842918
2024-05-16,188.95631408691406,190.21045865928463,188.7771592552961,189.58338637309936,52845200,94.32915592081969,95.26255350037742
2024-05-17,188.9861602783203,189.92178705781208,188.29936976198016,188.62783545187153,41282900,94.46411093442094,94.8403944712929
2024-05-20,190.15072631835938,191.02663488992152,188.1301769262196,188.44869465688268,44361300,96.1803818130656,94.99121622276874
2024-05-21,191.4546356201172,191.83285642957057,190.03128423275254,190.20049107683238,42309400,98.2783679919803,96.30762024648895
2024-05-22,190.01138305664062,191.92245910983817,189.38432593982932,191.37501623979523,34648500,84.8153184203157,93.09135607512053
2024-05-23,186.0100860595703,190.11090276702717,185.76124979940406,190.09099161364105,51005900,53.02253827187485,78.70540822805695
2024-05-24,189.0956573486328,189.6928704821682,187.16468542966413,187.94106857836448,36294600,75.82057595826079,71.21947755015044
2024-05-28,189.10562133789062,192.10160462638697,188.21976480489596,190.61853495727325,52280100,74.4824287141607,67.77518098143211
2024-05-29,189.40420532226562,191.35508832801628,188.62783738828333,188.7273779696699,53068000,75.66583305729455,75.32294590990534
2024-05-30,190.39956665039062,191.2854232244703,189.7426503955058,189.8720349370489,49947900,84.26862307501413,78.13896161548978
